Key, Avg. Strength
(0, 459, 0), 3.0
(1, 310, 0), 2.0
(1, 429, 0), 2.0
(2, 336, 0), 2.0
(2, 499, 0), 1.0
(3, 112, 0), 1.0
(3, 406, 0), 3.0
(4, 396, 0), 1.0
(5, 90, 0), 2.0
(6, 319, 0), 1.0
(6, 504, 0), 1.0
(7, 289, 0), 1.0
(8, 329, 0), 1.0
(9, 321, 0), 1.0
(10, 215, 0), 3.0
(10, 293, 0), 2.0
(11, 104, 0), 1.0
(11, 240, 0), 1.0
(12, 278, 0), 2.0
(12, 369, 0), 6.0
(13, 52, 0), 1.0
(13, 142, 0), 2.0
(14, 370, 0), 1.0
(15, 99, 0), 1.0
(15, 233, 0), 2.0
(16, 439, 0), 3.0
(16, 461, 0), 1.0
(17, 259, 0), 1.0
(17, 413, 0), 1.0
(18, 285, 0), 1.0
(18, 300, 0), 2.0
(19, 42, 0), 2.0
(19, 340, 0), 1.0
(20, 290, 0), 1.5
(21, 3, 0), 1.0
(21, 126, 0), 1.0
(22, 247, 0), 2.0
(22, 416, 0), 1.0
(23, 198, 0), 1.0
(23, 479, 0), 2.0
(24, 43, 0), 1.0
(24, 488, 0), 1.0
(25, 102, 0), 1.6666666666666667
(25, 164, 0), 1.0
(27, 115, 0), 1.0
(27, 471, 0), 1.0
(28, 386, 0), 4.0
(28, 465, 0), 1.0
(29, 13, 0), 2.0
(29, 113, 0), 2.0
(30, 70, 0), 2.0
(30, 372, 0), 2.5
(31, 249, 0), 5.0
(31, 343, 0), 2.0
(32, 410, 0), 1.0
(32, 440, 0), 1.0
(33, 87, 0), 1.0
(33, 463, 0), 1.0
(34, 237, 0), 2.0
(34, 424, 0), 1.0
(35, 220, 0), 2.0
(35, 254, 0), 2.0
(36, 85, 0), 5.0
(36, 172, 0), 1.5
(37, 94, 0), 1.0
(38, 145, 0), 1.0
(39, 2, 0), 2.0
(39, 341, 0), 3.0
(40, 26, 0), 1.0
(41, 489, 0), 2.0
(42, 25, 0), 2.0
(42, 365, 0), 2.0
(43, 207, 0), 1.0
(43, 320, 0), 1.0
(44, 362, 0), 1.0
(45, 241, 0), 2.0
(46, 188, 0), 1.0
(46, 368, 0), 1.0
(48, 347, 0), 1.0
(48, 383, 0), 1.0
(49, 176, 0), 1.0
(49, 270, 0), 1.6666666666666667
(50, 187, 0), 1.0
(50, 231, 0), 3.5
(51, 217, 0), 1.0
(51, 428, 0), 1.0
(52, 275, 0), 3.5
(52, 441, 0), 1.0
(53, 380, 0), 2.0
(54, 129, 0), 1.0
(55, 232, 0), 1.0
(55, 429, 0), 3.5
(56, 205, 0), 1.0
(56, 360, 0), 2.5
(57, 372, 0), 1.0
(57, 471, 0), 1.0
(58, 84, 0), 1.0
(58, 97, 0), 2.0
(59, 96, 0), 2.0
(59, 397, 0), 1.0
(60, 109, 0), 1.0
(60, 245, 0), 4.0
(61, 157, 0), 1.5
(61, 204, 0), 3.0
(62, 236, 0), 3.0
(62, 498, 0), 2.3333333333333335
(63, 88, 0), 2.0
(63, 201, 0), 2.0
(64, 426, 0), 1.0
(65, 398, 0), 2.5
(65, 482, 0), 1.0
(66, 40, 0), 4.0
(66, 348, 0), 1.0
(67, 405, 0), 1.0
(68, 22, 0), 2.0
(68, 443, 0), 7.0
(69, 329, 0), 1.0
(69, 383, 0), 1.3333333333333333
(70, 152, 0), 3.0
(71, 299, 0), 1.0
(71, 453, 0), 1.0
(72, 173, 0), 3.0
(72, 307, 0), 4.0
(73, 22, 0), 1.0
(73, 75, 0), 1.0
(74, 124, 0), 1.0
(74, 168, 0), 1.0
(76, 28, 0), 2.0
(77, 116, 0), 3.0
(77, 178, 0), 1.0
(78, 305, 0), 3.0
(78, 386, 0), 4.0
(79, 63, 0), 1.0
(79, 447, 0), 1.0
(80, 136, 0), 1.0
(80, 235, 0), 1.0
(81, 33, 0), 1.0
(82, 219, 0), 1.0
(82, 434, 0), 2.5
(83, 168, 0), 2.0
(83, 413, 0), 1.0
(84, 271, 0), 1.0
(85, 12, 0), 2.0
(85, 184, 0), 2.0
(86, 402, 0), 1.0
(87, 34, 0), 1.0
(87, 454, 0), 1.0
(88, 276, 0), 2.0
(88, 430, 0), 1.0
(89, 147, 0), 2.0
(89, 337, 0), 1.5
(90, 449, 0), 4.0
(91, 384, 0), 3.0
(92, 181, 0), 1.0
(92, 261, 0), 3.0
(93, 35, 0), 1.0
(93, 231, 0), 1.0
(94, 69, 0), 1.0
(95, 51, 0), 1.0
(95, 374, 0), 2.0
(96, 303, 0), 1.0
(96, 355, 0), 2.0
(97, 19, 0), 1.0
(97, 246, 0), 1.0
(98, 27, 0), 3.0
(98, 195, 0), 2.0
(99, 147, 0), 2.0
(99, 314, 0), 4.0
(100, 476, 0), 3.0
(101, 274, 0), 2.5
(101, 328, 0), 1.0
(102, 279, 0), 1.0
(102, 365, 0), 2.0
(103, 55, 0), 1.0
(103, 254, 0), 3.0
(104, 201, 0), 1.0
(104, 392, 0), 1.0
(106, 192, 0), 2.0
(107, 190, 0), 1.0
(107, 464, 0), 1.0
(108, 16, 0), 3.0
(108, 197, 0), 1.6666666666666667
(109, 36, 0), 2.0
(109, 423, 0), 3.0
(110, 505, 0), 3.0
(111, 256, 0), 1.5
(112, 188, 0), 3.0
(112, 288, 0), 2.5
(113, 285, 0), 2.0
(114, 7, 0), 1.0
(114, 190, 0), 1.5
(115, 57, 0), 1.0
(115, 60, 0), 3.0
(116, 76, 0), 4.0
(116, 131, 0), 1.0
(117, 266, 0), 1.0
(117, 268, 0), 2.0
(118, 224, 0), 3.0
(119, 179, 0), 1.0
(119, 486, 0), 1.5
(120, 83, 0), 2.0
(120, 306, 0), 2.0
(121, 112, 0), 4.5
(121, 286, 0), 1.6666666666666667
(122, 313, 0), 1.0
(123, 125, 0), 1.0
(123, 455, 0), 3.0
(124, 83, 0), 1.0
(124, 148, 0), 1.0
(125, 80, 0), 2.0
(125, 286, 0), 1.0
(126, 441, 0), 1.0
(127, 203, 0), 5.0
(127, 229, 0), 1.5
(128, 260, 0), 1.5
(128, 316, 0), 3.0
(129, 61, 0), 1.0
(129, 402, 0), 1.0
(130, 163, 0), 4.0
(130, 240, 0), 3.0
(131, 123, 0), 1.0
(131, 501, 0), 1.0
(132, 84, 0), 1.0
(132, 97, 0), 1.0
(133, 401, 0), 2.0
(133, 452, 0), 4.0
(134, 348, 0), 1.0
(134, 433, 0), 1.0
(135, 50, 0), 4.0
(135, 57, 0), 2.0
(136, 275, 0), 2.0
(136, 399, 0), 1.5
(137, 172, 0), 1.0
(137, 387, 0), 1.0
(138, 379, 0), 1.0
(139, 417, 0), 2.0
(139, 433, 0), 2.0
(140, 105, 0), 1.0
(140, 393, 0), 1.3333333333333333
(141, 481, 0), 2.0
(142, 412, 0), 2.0
(143, 410, 0), 5.0
(145, 138, 0), 1.0
(145, 216, 0), 1.0
(146, 312, 0), 1.6666666666666667
(146, 417, 0), 1.0
(147, 6, 0), 2.0
(147, 56, 0), 1.0
(148, 101, 0), 3.0
(148, 308, 0), 1.0
(149, 117, 0), 1.0
(150, 380, 0), 3.0
(150, 462, 0), 2.0
(151, 382, 0), 1.0
(151, 471, 0), 1.0
(152, 44, 0), 1.0
(153, 38, 0), 3.0
(154, 257, 0), 3.0
(155, 281, 0), 2.0
(155, 431, 0), 1.0
(156, 201, 0), 3.0
(156, 509, 0), 1.0
(157, 30, 0), 2.0
(157, 206, 0), 3.0
(158, 264, 0), 4.0
(158, 298, 0), 4.0
(159, 163, 0), 1.0
(160, 109, 0), 3.0
(160, 245, 0), 2.0
(161, 47, 0), 3.5
(161, 446, 0), 1.0
(162, 70, 0), 1.0
(163, 310, 0), 2.0
(163, 349, 0), 1.0
(164, 29, 0), 3.0
(164, 250, 0), 3.5
(165, 330, 0), 1.5
(165, 433, 0), 1.0
(166, 168, 0), 1.0
(166, 478, 0), 1.0
(167, 42, 0), 2.5
(167, 308, 0), 5.0
(168, 359, 0), 1.0
(169, 63, 0), 2.0
(169, 248, 0), 2.0
(170, 474, 0), 1.0
(171, 208, 0), 2.0
(171, 507, 0), 1.0
(172, 43, 0), 4.0
(172, 331, 0), 4.0
(173, 92, 0), 1.0
(173, 187, 0), 3.0
(174, 21, 0), 1.0
(175, 77, 0), 1.0
(176, 3, 0), 1.0
(176, 301, 0), 1.0
(177, 390, 0), 6.0
(177, 440, 0), 3.5
(178, 111, 0), 1.0
(178, 188, 0), 1.5
(179, 58, 0), 1.0
(179, 259, 0), 1.0
(181, 103, 0), 3.0
(181, 421, 0), 1.0
(182, 251, 0), 1.0
(182, 263, 0), 1.0
(183, 61, 0), 1.0
(183, 206, 0), 2.0
(184, 437, 0), 1.5
(184, 480, 0), 1.0
(185, 143, 0), 2.0
(185, 372, 0), 1.0
(186, 39, 0), 3.0
(186, 324, 0), 1.0
(187, 115, 0), 1.0
(187, 254, 0), 1.0
(188, 49, 0), 4.0
(188, 388, 0), 2.0
(189, 82, 0), 2.0
(189, 496, 0), 3.0
(190, 238, 0), 2.0
(190, 472, 0), 5.0
(191, 186, 0), 2.0
(191, 376, 0), 1.5
(192, 478, 0), 1.0
(193, 23, 0), 3.0
(193, 67, 0), 2.0
(194, 485, 0), 2.0
(195, 490, 0), 2.0
(195, 503, 0), 3.0
(196, 32, 0), 1.0
(197, 211, 0), 1.0
(197, 366, 0), 2.0
(198, 93, 0), 1.0
(198, 450, 0), 1.0
(199, 73, 0), 8.0
(199, 353, 0), 2.0
(200, 5, 0), 1.0
(200, 347, 0), 3.0
(201, 383, 0), 1.0
(201, 446, 0), 2.5
(202, 415, 0), 2.0
(203, 120, 0), 4.0
(203, 396, 0), 1.0
(204, 141, 0), 1.0
(204, 422, 0), 6.0
(205, 88, 0), 1.0
(205, 156, 0), 1.0
(206, 204, 0), 4.0
(206, 299, 0), 3.0
(207, 64, 0), 1.6666666666666667
(207, 333, 0), 1.0
(208, 107, 0), 1.0
(208, 306, 0), 1.0
(209, 1, 0), 1.0
(209, 91, 0), 1.0
(209, 119, 0), 3.0
(210, 185, 0), 3.0
(210, 196, 0), 2.0
(211, 342, 0), 10.0
(211, 415, 0), 10.0
(212, 466, 0), 2.0
(213, 449, 0), 1.0
(213, 505, 0), 1.0
(214, 508, 0), 1.0
(215, 30, 0), 2.0
(215, 299, 0), 1.5
(216, 507, 0), 1.0
(217, 69, 0), 1.0
(217, 297, 0), 1.6666666666666667
(219, 292, 0), 4.0
(220, 232, 0), 1.0
(220, 261, 0), 1.0
(221, 431, 0), 4.0
(222, 274, 0), 2.5
(222, 328, 0), 2.5
(223, 82, 0), 1.0
(223, 182, 0), 3.0
(224, 45, 0), 1.0
(224, 350, 0), 1.0
(225, 470, 0), 4.0
(226, 451, 0), 1.6666666666666667
(226, 458, 0), 1.0
(227, 490, 0), 2.0
(228, 442, 0), 1.5
(229, 317, 0), 7.0
(229, 448, 0), 2.0
(231, 41, 0), 1.0
(231, 146, 0), 1.0
(232, 14, 0), 4.0
(232, 171, 0), 2.0
(233, 93, 0), 1.0
(233, 335, 0), 1.0
(234, 314, 0), 1.0
(235, 137, 0), 1.0
(235, 205, 0), 1.0
(236, 138, 0), 2.0
(236, 156, 0), 3.0
(237, 313, 0), 1.0
(238, 150, 0), 2.0
(238, 227, 0), 2.5
(239, 493, 0), 1.5
(240, 227, 0), 1.0
(240, 248, 0), 1.0
(241, 237, 0), 1.0
(241, 279, 0), 1.0
(242, 42, 0), 1.0
(242, 340, 0), 1.0
(244, 81, 0), 1.0
(244, 395, 0), 5.0
(245, 50, 0), 1.0
(245, 302, 0), 1.0
(246, 119, 0), 1.0
(246, 283, 0), 1.0
(247, 436, 0), 4.0
(248, 177, 0), 2.0
(248, 392, 0), 1.5
(249, 382, 0), 3.0
(250, 53, 0), 1.0
(250, 95, 0), 2.0
(251, 277, 0), 1.0
(252, 460, 0), 2.0
(253, 149, 0), 1.0
(253, 368, 0), 1.0
(254, 60, 0), 4.0
(254, 486, 0), 1.0
(255, 25, 0), 1.0
(255, 238, 0), 2.0
(256, 89, 0), 2.0
(256, 288, 0), 1.0
(257, 79, 0), 1.0
(257, 214, 0), 3.0
(258, 350, 0), 1.0
(258, 369, 0), 2.0
(259, 160, 0), 4.0
(259, 419, 0), 1.0
(260, 456, 0), 1.0
(261, 193, 0), 1.0
(261, 262, 0), 2.0
(262, 14, 0), 1.0
(262, 366, 0), 1.0
(263, 178, 0), 1.0
(264, 164, 0), 2.0
(264, 174, 0), 2.0
(265, 8, 0), 1.0
(266, 90, 0), 6.0
(267, 407, 0), 1.0
(268, 270, 0), 2.0
(269, 447, 0), 2.0
(269, 473, 0), 2.0
(270, 339, 0), 2.0
(271, 273, 0), 1.5
(271, 495, 0), 1.0
(272, 71, 0), 1.0
(272, 481, 0), 2.0
(273, 107, 0), 1.0
(273, 148, 0), 1.0
(274, 133, 0), 3.0
(274, 426, 0), 1.0
(275, 89, 0), 2.0
(275, 482, 0), 2.0
(277, 357, 0), 1.0
(277, 394, 0), 1.0
(278, 222, 0), 4.0
(278, 228, 0), 1.0
(279, 18, 0), 1.0
(279, 183, 0), 2.0
(280, 473, 0), 1.0
(281, 100, 0), 2.0
(281, 354, 0), 8.0
(282, 48, 0), 1.0
(283, 129, 0), 3.0
(283, 473, 0), 4.0
(284, 159, 0), 3.5
(284, 491, 0), 2.0
(285, 79, 0), 4.0
(285, 86, 0), 3.0
(286, 76, 0), 2.0
(286, 389, 0), 2.5
(287, 13, 0), 2.0
(287, 276, 0), 1.0
(288, 126, 0), 1.0
(288, 136, 0), 1.0
(289, 332, 0), 2.0
(290, 325, 0), 1.0
(292, 494, 0), 1.0
(293, 135, 0), 2.5
(293, 144, 0), 2.0
(295, 59, 0), 2.0
(295, 344, 0), 1.0
(296, 62, 0), 3.0
(296, 380, 0), 1.0
(297, 436, 0), 1.0
(298, 102, 0), 2.0
(298, 472, 0), 1.0
(299, 480, 0), 4.0
(300, 508, 0), 5.0
(301, 207, 0), 1.0
(301, 441, 0), 1.0
(302, 234, 0), 1.0
(303, 127, 0), 2.0
(303, 322, 0), 2.0
(304, 339, 0), 1.0
(304, 485, 0), 1.0
(305, 123, 0), 3.0
(305, 139, 0), 1.0
(306, 303, 0), 1.0
(306, 378, 0), 1.0
(307, 181, 0), 1.0
(307, 197, 0), 3.0
(308, 58, 0), 3.0
(308, 426, 0), 3.0
(309, 411, 0), 1.0
(310, 283, 0), 1.5
(311, 467, 0), 1.5
(312, 125, 0), 7.0
(312, 291, 0), 1.0
(313, 298, 0), 1.0
(315, 311, 0), 2.0
(315, 422, 0), 1.0
(316, 306, 0), 2.0
(316, 338, 0), 2.0
(317, 140, 0), 2.5
(318, 491, 0), 8.0
(319, 209, 0), 1.0
(319, 376, 0), 1.0
(320, 331, 0), 2.5
(320, 484, 0), 6.0
(321, 345, 0), 4.0
(321, 506, 0), 4.5
(322, 37, 0), 1.5
(322, 239, 0), 1.0
(323, 408, 0), 3.0
(323, 419, 0), 1.5
(324, 65, 0), 1.0
(324, 66, 0), 1.0
(325, 460, 0), 4.0
(326, 131, 0), 3.0
(326, 508, 0), 1.0
(327, 333, 0), 1.5
(327, 406, 0), 3.0
(328, 167, 0), 5.0
(328, 255, 0), 1.0
(329, 161, 0), 4.0
(329, 334, 0), 1.0
(330, 10, 0), 1.0
(331, 387, 0), 3.0
(331, 403, 0), 2.5
(334, 75, 0), 1.0
(335, 394, 0), 2.0
(336, 10, 0), 2.0
(336, 284, 0), 1.0
(337, 17, 0), 1.0
(337, 504, 0), 5.0
(338, 189, 0), 1.0
(338, 322, 0), 2.0
(339, 194, 0), 2.0
(339, 469, 0), 3.0
(340, 320, 0), 1.0
(341, 315, 0), 2.0
(341, 381, 0), 1.0
(342, 193, 0), 2.0
(342, 418, 0), 2.0
(343, 140, 0), 2.0
(343, 210, 0), 1.0
(344, 122, 0), 1.0
(344, 281, 0), 1.0
(345, 33, 0), 1.0
(345, 363, 0), 1.0
(346, 260, 0), 3.0
(346, 316, 0), 2.0
(347, 214, 0), 1.0
(348, 326, 0), 1.0
(349, 59, 0), 1.0
(349, 177, 0), 1.0
(350, 77, 0), 1.0
(350, 267, 0), 2.0
(351, 15, 0), 1.5
(351, 235, 0), 1.0
(352, 339, 0), 1.0
(352, 451, 0), 1.5
(353, 435, 0), 2.0
(353, 499, 0), 2.0
(354, 221, 0), 4.0
(354, 454, 0), 1.0
(355, 203, 0), 1.0
(355, 273, 0), 1.0
(356, 265, 0), 3.0
(357, 92, 0), 1.0
(357, 211, 0), 1.0
(358, 55, 0), 1.0
(359, 346, 0), 2.0
(359, 405, 0), 1.0
(361, 121, 0), 2.0
(361, 291, 0), 2.0
(362, 57, 0), 1.0
(362, 184, 0), 1.5
(363, 457, 0), 3.0
(363, 500, 0), 1.0
(364, 479, 0), 2.0
(364, 510, 0), 1.0
(365, 243, 0), 1.5
(365, 468, 0), 3.0
(366, 202, 0), 1.0
(366, 401, 0), 1.0
(367, 125, 0), 2.0
(367, 351, 0), 1.0
(368, 67, 0), 3.0
(368, 418, 0), 1.0
(369, 162, 0), 4.0
(369, 327, 0), 1.0
(370, 458, 0), 3.0
(370, 464, 0), 3.0
(371, 225, 0), 1.0
(371, 364, 0), 3.0
(372, 143, 0), 1.0
(372, 318, 0), 2.0
(373, 65, 0), 1.0
(373, 282, 0), 1.0
(374, 428, 0), 1.0
(374, 434, 0), 1.0
(375, 361, 0), 2.0
(376, 356, 0), 3.0
(377, 241, 0), 3.0
(377, 475, 0), 1.0
(378, 153, 0), 1.0
(378, 359, 0), 1.0
(379, 191, 0), 3.0
(379, 216, 0), 1.0
(380, 294, 0), 1.0
(380, 509, 0), 1.0
(381, 66, 0), 1.0
(381, 165, 0), 1.0
(382, 195, 0), 1.0
(383, 154, 0), 1.0
(383, 200, 0), 2.0
(384, 220, 0), 1.0
(386, 44, 0), 3.0
(386, 367, 0), 4.0
(387, 430, 0), 2.5
(388, 268, 0), 1.5
(388, 371, 0), 3.0
(389, 445, 0), 2.0
(389, 465, 0), 2.5
(390, 96, 0), 1.0
(390, 122, 0), 4.0
(391, 142, 0), 3.0
(391, 252, 0), 1.5
(392, 7, 0), 1.0
(392, 332, 0), 1.0
(393, 72, 0), 1.0
(394, 173, 0), 2.0
(394, 435, 0), 3.0
(395, 160, 0), 1.0
(395, 409, 0), 1.0
(396, 132, 0), 1.0
(396, 424, 0), 2.0
(397, 2, 0), 2.0
(397, 487, 0), 1.0
(398, 13, 0), 1.0
(398, 282, 0), 1.0
(399, 137, 0), 2.0
(399, 488, 0), 1.0
(401, 101, 0), 1.5
(401, 194, 0), 1.0
(402, 157, 0), 1.0
(402, 284, 0), 5.0
(403, 98, 0), 2.0
(404, 192, 0), 3.0
(404, 427, 0), 2.0
(405, 511, 0), 2.0
(406, 24, 0), 1.3333333333333333
(407, 175, 0), 2.5
(407, 496, 0), 1.0
(408, 146, 0), 2.0
(408, 291, 0), 1.0
(409, 12, 0), 3.0
(409, 109, 0), 1.0
(410, 257, 0), 1.0
(411, 128, 0), 2.0
(411, 290, 0), 2.0
(412, 95, 0), 1.0
(412, 377, 0), 1.0
(413, 106, 0), 1.0
(413, 483, 0), 4.0
(414, 230, 0), 1.0
(414, 476, 0), 2.0
(415, 166, 0), 2.0
(415, 262, 0), 1.0
(416, 134, 0), 3.5
(416, 373, 0), 1.0
(417, 41, 0), 3.0
(417, 68, 0), 1.0
(418, 364, 0), 3.0
(419, 244, 0), 5.0
(419, 375, 0), 2.0
(420, 414, 0), 1.0
(421, 432, 0), 2.0
(422, 54, 0), 1.0
(422, 132, 0), 2.0
(423, 403, 0), 3.5
(423, 486, 0), 4.0
(424, 4, 0), 2.5
(424, 155, 0), 4.0
(425, 196, 0), 3.0
(425, 249, 0), 1.0
(426, 259, 0), 1.0
(426, 497, 0), 2.0
(427, 244, 0), 3.0
(427, 506, 0), 1.0
(429, 171, 0), 2.0
(429, 310, 0), 1.0
(430, 11, 0), 1.0
(430, 130, 0), 1.0
(431, 229, 0), 1.0
(431, 457, 0), 2.0
(432, 226, 0), 4.0
(432, 352, 0), 3.0
(433, 40, 0), 1.0
(433, 455, 0), 1.0
(434, 407, 0), 3.5
(434, 494, 0), 2.0
(435, 68, 0), 5.0
(435, 493, 0), 8.0
(436, 90, 0), 1.0
(436, 212, 0), 1.5
(437, 50, 0), 3.0
(437, 453, 0), 1.0
(438, 361, 0), 2.0
(438, 408, 0), 2.5
(439, 182, 0), 1.0
(439, 404, 0), 2.0
(440, 185, 0), 1.0
(440, 295, 0), 2.0
(441, 164, 0), 3.5
(441, 242, 0), 2.0
(442, 116, 0), 1.0
(443, 247, 0), 1.0
(443, 466, 0), 1.0
(444, 258, 0), 1.0
(445, 137, 0), 4.0
(445, 385, 0), 1.0
(446, 334, 0), 2.0
(446, 373, 0), 5.0
(447, 169, 0), 1.0
(448, 189, 0), 1.0
(448, 223, 0), 1.0
(449, 367, 0), 1.5
(450, 261, 0), 1.0
(450, 277, 0), 1.0
(451, 49, 0), 2.0
(451, 150, 0), 1.0
(452, 81, 0), 1.0
(453, 323, 0), 1.0
(453, 395, 0), 2.0
(454, 420, 0), 3.0
(455, 146, 0), 1.0
(455, 438, 0), 1.0
(456, 46, 0), 1.0
(456, 53, 0), 6.0
(457, 189, 0), 1.5
(457, 492, 0), 1.0
(458, 101, 0), 3.0
(458, 255, 0), 2.0
(459, 199, 0), 1.0
(459, 448, 0), 2.0
(460, 9, 0), 1.0
(461, 317, 0), 2.5
(461, 357, 0), 1.0
(462, 21, 0), 2.0
(462, 253, 0), 1.0
(463, 133, 0), 2.0
(463, 278, 0), 1.0
(464, 349, 0), 2.5
(464, 358, 0), 1.0
(465, 327, 0), 5.0
(466, 225, 0), 2.0
(466, 251, 0), 4.0
(468, 4, 0), 3.0
(468, 183, 0), 1.0
(469, 343, 0), 2.0
(469, 425, 0), 2.0
(470, 118, 0), 1.6666666666666667
(470, 266, 0), 2.0
(471, 31, 0), 2.0
(471, 393, 0), 2.0
(472, 458, 0), 1.0
(472, 495, 0), 2.0
(473, 130, 0), 2.5
(474, 87, 0), 1.0
(474, 444, 0), 1.0
(475, 300, 0), 1.0
(476, 425, 0), 4.0
(477, 147, 0), 1.0
(477, 337, 0), 1.0
(478, 483, 0), 1.0
(479, 213, 0), 2.0
(480, 12, 0), 1.0
(480, 474, 0), 1.0
(481, 26, 0), 1.0
(483, 309, 0), 2.0
(483, 337, 0), 1.0
(484, 64, 0), 1.0
(484, 119, 0), 1.0
(485, 108, 0), 3.0
(485, 354, 0), 2.0
(486, 1, 0), 2.0
(486, 218, 0), 2.0
(487, 199, 0), 3.0
(487, 303, 0), 4.0
(488, 280, 0), 1.0
(488, 287, 0), 1.0
(489, 71, 0), 1.0
(490, 11, 0), 10.0
(491, 0, 0), 2.0
(491, 353, 0), 1.0
(492, 20, 0), 3.0
(492, 120, 0), 2.0
(493, 223, 0), 7.0
(493, 461, 0), 1.6666666666666667
(494, 267, 0), 1.0
(494, 377, 0), 3.0
(495, 424, 0), 3.0
(497, 202, 0), 1.0
(497, 244, 0), 1.0
(498, 205, 0), 1.0
(498, 430, 0), 1.5
(499, 10, 0), 1.5
(499, 165, 0), 4.0
(500, 396, 0), 7.0
(500, 492, 0), 3.0
(501, 175, 0), 1.0
(502, 427, 0), 2.0
(502, 438, 0), 2.0
(503, 240, 0), 5.0
(503, 358, 0), 4.0
(504, 324, 0), 2.0
(504, 341, 0), 1.0
(505, 62, 0), 2.0
(505, 351, 0), 3.0
(506, 438, 0), 1.0
(506, 481, 0), 1.0
(507, 378, 0), 1.0
(507, 487, 0), 4.0
(508, 305, 0), 2.0
(509, 8, 0), 2.0
(509, 47, 0), 1.0
(510, 198, 0), 1.0
(510, 335, 0), 3.0
(511, 253, 0), 3.0
(511, 479, 0), 1.0
(0, 344, 0), 1.0
(2, 165, 0), 1.5
(3, 188, 0), 1.0
(4, 87, 0), 3.0
(4, 345, 0), 2.0
(5, 78, 0), 3.0
(6, 191, 0), 1.0
(7, 190, 0), 4.0
(7, 390, 0), 3.0
(8, 51, 0), 3.0
(9, 26, 0), 2.0
(9, 363, 0), 4.0
(11, 294, 0), 3.0
(11, 430, 0), 1.0
(13, 488, 0), 1.0
(14, 202, 0), 1.0
(14, 273, 0), 1.0
(15, 351, 0), 3.0
(17, 337, 0), 1.0
(18, 348, 0), 4.0
(19, 243, 0), 1.0
(20, 84, 0), 1.0
(20, 325, 0), 1.0
(21, 176, 0), 1.6666666666666667
(21, 441, 0), 2.0
(22, 433, 0), 2.0
(23, 213, 0), 2.0
(24, 137, 0), 2.0
(24, 441, 0), 1.0
(26, 20, 0), 1.0
(26, 325, 0), 1.5
(27, 151, 0), 2.3333333333333335
(28, 442, 0), 1.0
(32, 257, 0), 1.0
(33, 299, 0), 1.0
(33, 345, 0), 1.0
(34, 444, 0), 2.0
(37, 8, 0), 1.0
(37, 359, 0), 2.0
(38, 198, 0), 1.0
(40, 9, 0), 1.0
(41, 293, 0), 5.0
(43, 340, 0), 1.0
(43, 484, 0), 1.0
(44, 152, 0), 7.0
(44, 385, 0), 3.0
(46, 178, 0), 1.0
(47, 156, 0), 1.0
(47, 405, 0), 1.0
(48, 154, 0), 3.0
(48, 446, 0), 1.0
(49, 278, 0), 1.5
(49, 333, 0), 1.0
(50, 60, 0), 1.0
(51, 94, 0), 3.0
(52, 399, 0), 1.0
(54, 246, 0), 1.0
(55, 358, 0), 3.0
(56, 276, 0), 1.0
(56, 379, 0), 1.0
(58, 17, 0), 1.5
(59, 0, 0), 1.0
(59, 310, 0), 1.0
(61, 468, 0), 2.5
(62, 110, 0), 1.0
(64, 160, 0), 1.0
(64, 179, 0), 1.0
(65, 381, 0), 2.5
(66, 65, 0), 2.5
(69, 392, 0), 1.0
(70, 362, 0), 1.0
(71, 437, 0), 1.0
(73, 239, 0), 3.0
(74, 202, 0), 1.0
(75, 161, 0), 1.0
(75, 334, 0), 3.0
(76, 455, 0), 2.0
(77, 371, 0), 1.0
(79, 154, 0), 1.0
(79, 269, 0), 1.0
(80, 99, 0), 1.0
(81, 321, 0), 2.0
(83, 483, 0), 1.0
(84, 58, 0), 1.0
(84, 483, 0), 1.0
(86, 183, 0), 1.0
(86, 214, 0), 3.0
(87, 463, 0), 1.0
(87, 474, 0), 3.0
(88, 235, 0), 1.5
(89, 291, 0), 1.0
(90, 505, 0), 1.5
(91, 319, 0), 2.0
(92, 307, 0), 2.0
(93, 15, 0), 2.0
(93, 450, 0), 2.0
(94, 73, 0), 1.0
(94, 329, 0), 1.0
(95, 230, 0), 1.0
(97, 119, 0), 2.0
(101, 401, 0), 2.0
(103, 92, 0), 2.0
(105, 31, 0), 1.5
(105, 181, 0), 1.0
(106, 375, 0), 1.0
(107, 472, 0), 2.0
(108, 357, 0), 1.5
(110, 498, 0), 1.0
(114, 349, 0), 1.0
(115, 187, 0), 2.0
(116, 3, 0), 2.0
(117, 296, 0), 3.0
(119, 484, 0), 3.0
(122, 155, 0), 1.0
(122, 495, 0), 2.0
(123, 312, 0), 1.0
(124, 273, 0), 1.0
(125, 76, 0), 1.0
(126, 288, 0), 2.0
(129, 204, 0), 1.0
(129, 447, 0), 2.0
(131, 407, 0), 1.0
(132, 58, 0), 2.0
(132, 271, 0), 1.0
(137, 280, 0), 1.0
(137, 327, 0), 1.0
(138, 145, 0), 2.0
(140, 72, 0), 1.0
(140, 108, 0), 1.0
(141, 71, 0), 1.0
(141, 453, 0), 3.0
(142, 411, 0), 4.0
(143, 70, 0), 3.0
(144, 0, 0), 2.0
(145, 91, 0), 2.0
(145, 314, 0), 2.0
(146, 139, 0), 1.0
(146, 489, 0), 2.0
(147, 136, 0), 1.0
(148, 426, 0), 1.0
(149, 150, 0), 1.0
(149, 296, 0), 1.0
(151, 185, 0), 6.0
(152, 5, 0), 2.0
(153, 378, 0), 1.0
(155, 229, 0), 1.0
(156, 56, 0), 1.0
(156, 104, 0), 1.0
(159, 169, 0), 5.0
(159, 440, 0), 1.0
(161, 379, 0), 1.0
(162, 44, 0), 3.0
(165, 41, 0), 1.5
(168, 309, 0), 3.0
(168, 346, 0), 1.0
(169, 130, 0), 1.0
(170, 157, 0), 6.0
(173, 135, 0), 1.0
(174, 328, 0), 4.0
(174, 451, 0), 2.0
(175, 225, 0), 1.0
(175, 506, 0), 1.0
(176, 49, 0), 1.0
(178, 112, 0), 1.0
(178, 368, 0), 1.0
(179, 167, 0), 1.0
(180, 18, 0), 2.5
(180, 29, 0), 1.0
(182, 418, 0), 2.0
(182, 439, 0), 1.0
(183, 474, 0), 4.0
(184, 409, 0), 1.0
(185, 318, 0), 2.0
(186, 381, 0), 1.0
(187, 103, 0), 1.0
(187, 471, 0), 2.0
(192, 111, 0), 1.0
(192, 368, 0), 1.0
(194, 105, 0), 1.0
(196, 5, 0), 1.0
(196, 200, 0), 3.0
(198, 35, 0), 2.0
(198, 145, 0), 1.0
(200, 436, 0), 2.3333333333333335
(202, 148, 0), 1.0
(205, 56, 0), 1.0
(207, 36, 0), 2.0
(208, 303, 0), 2.0
(209, 218, 0), 1.0
(212, 266, 0), 1.0
(213, 510, 0), 1.0
(214, 282, 0), 1.0
(214, 300, 0), 4.0
(216, 91, 0), 1.0
(216, 209, 0), 1.0
(217, 428, 0), 2.0
(218, 55, 0), 1.0
(219, 428, 0), 3.0
(220, 103, 0), 1.0
(220, 262, 0), 1.0
(221, 33, 0), 1.5
(223, 189, 0), 1.0
(225, 219, 0), 3.0
(226, 174, 0), 1.0
(227, 352, 0), 1.0
(228, 258, 0), 1.0
(228, 278, 0), 4.0
(230, 241, 0), 1.0
(230, 313, 0), 2.0
(231, 93, 0), 1.0
(231, 394, 0), 4.0
(233, 489, 0), 1.0
(233, 510, 0), 2.0
(234, 99, 0), 3.0
(234, 312, 0), 3.0
(235, 56, 0), 2.0
(235, 498, 0), 2.0
(237, 100, 0), 2.0
(237, 122, 0), 1.0
(238, 464, 0), 1.0
(239, 435, 0), 1.0
(239, 443, 0), 1.0
(240, 114, 0), 2.0
(241, 444, 0), 2.0
(243, 61, 0), 2.0
(243, 269, 0), 1.0
(245, 323, 0), 1.0
(245, 477, 0), 2.0
(246, 1, 0), 1.0
(246, 397, 0), 1.0
(247, 347, 0), 1.0
(249, 117, 0), 4.0
(250, 158, 0), 2.0
(252, 180, 0), 1.6666666666666667
(253, 46, 0), 2.0
(253, 388, 0), 2.0
(254, 302, 0), 1.5
(257, 402, 0), 2.0
(258, 326, 0), 1.0
(259, 375, 0), 4.0
(260, 126, 0), 3.0
(261, 342, 0), 1.0
(262, 153, 0), 2.0
(262, 202, 0), 3.0
(263, 77, 0), 2.0
(263, 502, 0), 1.0
(264, 150, 0), 3.0
(265, 359, 0), 1.0
(265, 378, 0), 1.0
(266, 117, 0), 2.0
(267, 252, 0), 1.0
(267, 377, 0), 1.0
(268, 118, 0), 1.0
(270, 228, 0), 1.0
(270, 304, 0), 1.0
(271, 308, 0), 2.0
(272, 146, 0), 1.0
(273, 458, 0), 1.0
(274, 64, 0), 1.0
(276, 52, 0), 2.0
(276, 360, 0), 2.0
(277, 72, 0), 2.0
(277, 493, 0), 1.0
(278, 454, 0), 1.0
(280, 331, 0), 1.0
(282, 79, 0), 1.0
(282, 287, 0), 2.0
(287, 285, 0), 1.3333333333333333
(288, 21, 0), 2.0
(288, 24, 0), 1.0
(290, 482, 0), 1.0
(291, 234, 0), 3.0
(292, 45, 0), 1.0
(294, 7, 0), 3.0
(294, 332, 0), 3.0
(296, 511, 0), 1.0
(297, 470, 0), 1.0
(298, 122, 0), 1.0
(299, 453, 0), 2.0
(300, 170, 0), 1.0
(301, 43, 0), 1.0
(301, 242, 0), 4.0
(302, 93, 0), 3.0
(304, 194, 0), 1.0
(304, 222, 0), 1.0
(305, 433, 0), 1.5
(306, 74, 0), 2.5
(306, 265, 0), 1.0
(307, 105, 0), 3.0
(309, 126, 0), 1.0
(309, 478, 0), 1.0
(310, 397, 0), 2.0
(312, 233, 0), 2.0
(313, 7, 0), 1.0
(313, 158, 0), 1.0
(314, 35, 0), 2.0
(314, 216, 0), 3.0
(315, 500, 0), 1.0
(317, 221, 0), 1.0
(317, 281, 0), 1.0
(318, 295, 0), 2.0
(319, 246, 0), 1.5
(320, 423, 0), 1.0
(321, 363, 0), 2.0
(322, 94, 0), 1.0
(324, 325, 0), 3.0
(325, 391, 0), 1.0
(327, 3, 0), 1.5
(328, 301, 0), 7.0
(329, 8, 0), 1.0
(330, 71, 0), 1.0
(330, 400, 0), 1.0
(332, 158, 0), 3.0
(333, 207, 0), 2.0
(333, 278, 0), 2.0
(334, 69, 0), 3.0
(334, 329, 0), 4.0
(335, 417, 0), 1.0
(337, 216, 0), 1.0
(338, 82, 0), 1.3333333333333333
(340, 243, 0), 1.0
(340, 269, 0), 2.0
(341, 324, 0), 3.0
(343, 393, 0), 2.0
(344, 96, 0), 2.5
(345, 396, 0), 1.0
(347, 134, 0), 1.0
(348, 65, 0), 1.0
(348, 252, 0), 1.0
(349, 163, 0), 1.0
(349, 171, 0), 1.0
(351, 80, 0), 3.0
(351, 138, 0), 6.0
(352, 149, 0), 1.0
(354, 34, 0), 1.0
(355, 107, 0), 3.0
(357, 277, 0), 2.0
(358, 232, 0), 2.0
(358, 421, 0), 1.0
(360, 6, 0), 1.5
(360, 186, 0), 2.0
(362, 115, 0), 2.0
(364, 466, 0), 2.0
(365, 132, 0), 1.0
(366, 370, 0), 1.0
(369, 465, 0), 1.0
(371, 178, 0), 1.5
(372, 57, 0), 4.0
(373, 75, 0), 1.0
(373, 360, 0), 1.0
(374, 338, 0), 4.0
(375, 413, 0), 2.0
(377, 180, 0), 1.0
(378, 208, 0), 1.0
(378, 232, 0), 1.0
(380, 11, 0), 1.0
(381, 416, 0), 1.0
(382, 27, 0), 2.0
(382, 110, 0), 5.0
(383, 32, 0), 1.0
(384, 378, 0), 4.0
(384, 507, 0), 3.0
(385, 98, 0), 3.0
(385, 172, 0), 4.0
(387, 195, 0), 1.5
(391, 398, 0), 1.0
(392, 289, 0), 1.0
(392, 383, 0), 1.0
(393, 318, 0), 1.0
(393, 344, 0), 1.0
(395, 463, 0), 3.0
(396, 422, 0), 3.0
(397, 199, 0), 5.0
(399, 235, 0), 1.0
(400, 141, 0), 2.0
(400, 315, 0), 2.3333333333333335
(401, 366, 0), 1.0
(401, 432, 0), 3.0
(402, 30, 0), 1.0
(402, 372, 0), 1.0
(403, 503, 0), 3.0
(405, 509, 0), 1.0
(406, 389, 0), 1.0
(407, 9, 0), 2.0
(408, 272, 0), 1.0
(408, 312, 0), 2.5
(409, 480, 0), 4.0
(410, 78, 0), 3.0
(410, 214, 0), 1.0
(412, 250, 0), 1.0
(414, 45, 0), 1.0
(415, 342, 0), 1.0
(416, 48, 0), 1.0
(417, 22, 0), 1.0
(418, 263, 0), 4.0
(421, 366, 0), 2.0
(422, 311, 0), 3.0
(426, 413, 0), 1.0
(427, 81, 0), 2.0
(427, 419, 0), 1.0
(428, 69, 0), 5.0
(428, 94, 0), 3.0
(429, 384, 0), 1.0
(430, 63, 0), 1.5
(430, 248, 0), 3.0
(431, 500, 0), 5.0
(433, 66, 0), 1.5
(433, 146, 0), 1.0
(436, 449, 0), 3.0
(437, 323, 0), 1.0
(439, 211, 0), 3.0
(440, 32, 0), 3.0
(442, 3, 0), 1.0
(443, 223, 0), 1.0
(443, 335, 0), 1.0
(444, 420, 0), 1.0
(444, 475, 0), 1.0
(447, 61, 0), 1.0
(448, 239, 0), 1.6666666666666667
(448, 461, 0), 2.0
(449, 139, 0), 1.0
(452, 439, 0), 1.0
(454, 339, 0), 1.5
(455, 501, 0), 2.0
(456, 405, 0), 1.0
(459, 303, 0), 1.0
(460, 128, 0), 3.0
(460, 434, 0), 2.0
(461, 16, 0), 7.0
(461, 182, 0), 1.0
(462, 46, 0), 1.0
(463, 454, 0), 3.0
(464, 227, 0), 1.0
(465, 44, 0), 1.0
(467, 54, 0), 1.0
(468, 279, 0), 1.0
(472, 255, 0), 4.0
(473, 320, 0), 3.0
(474, 12, 0), 3.0
(474, 170, 0), 1.0
(475, 258, 0), 3.0
(476, 217, 0), 1.0
(477, 216, 0), 1.5
(477, 259, 0), 1.0
(478, 111, 0), 2.5
(478, 256, 0), 1.0
(479, 266, 0), 1.6666666666666667
(480, 184, 0), 1.0
(481, 141, 0), 1.0
(482, 360, 0), 1.0
(482, 391, 0), 2.0
(483, 290, 0), 1.0
(484, 19, 0), 2.0
(484, 179, 0), 2.0
(488, 88, 0), 2.0
(489, 231, 0), 1.0
(489, 408, 0), 1.0
(490, 62, 0), 1.0
(494, 292, 0), 1.0
(495, 365, 0), 2.5
(496, 182, 0), 3.5
(496, 506, 0), 2.0
(497, 106, 0), 2.0
(498, 387, 0), 1.0
(499, 376, 0), 1.0
(501, 502, 0), 1.0
(504, 467, 0), 1.0
(506, 404, 0), 2.0
(507, 356, 0), 2.0
(508, 28, 0), 1.0
(509, 104, 0), 1.0
(510, 450, 0), 1.0
(0, 59, 0), 1.0
(1, 130, 0), 2.0
(2, 10, 0), 1.5
(2, 330, 0), 1.0
(3, 176, 0), 2.0
(5, 200, 0), 2.0
(6, 91, 0), 1.0
(6, 216, 0), 2.0
(8, 95, 0), 2.0
(11, 205, 0), 2.0
(12, 207, 0), 3.5
(14, 208, 0), 1.5
(15, 23, 0), 2.0
(16, 321, 0), 3.0
(17, 209, 0), 1.6666666666666667
(18, 86, 0), 1.0
(19, 242, 0), 1.0
(19, 269, 0), 3.0
(24, 142, 0), 1.0
(26, 324, 0), 1.3333333333333333
(26, 460, 0), 1.0
(27, 181, 0), 1.0
(29, 18, 0), 3.0
(30, 143, 0), 2.0
(32, 143, 0), 2.0
(33, 141, 0), 1.0
(35, 55, 0), 1.0
(37, 374, 0), 1.0
(38, 405, 0), 1.0
(38, 511, 0), 1.0
(40, 455, 0), 3.0
(41, 71, 0), 1.5
(42, 19, 0), 2.0
(43, 88, 0), 2.5
(45, 350, 0), 2.0
(45, 444, 0), 6.0
(46, 456, 0), 2.0
(46, 478, 0), 2.0
(47, 145, 0), 2.0
(47, 265, 0), 2.0
(48, 276, 0), 1.0
(50, 254, 0), 1.0
(51, 289, 0), 1.0
(53, 8, 0), 1.0
(53, 509, 0), 5.0
(54, 2, 0), 1.0
(54, 336, 0), 1.0
(56, 147, 0), 1.0
(57, 144, 0), 1.0
(57, 173, 0), 4.0
(58, 19, 0), 1.5
(59, 159, 0), 1.0
(60, 423, 0), 6.0
(63, 79, 0), 2.0
(63, 280, 0), 3.0
(64, 167, 0), 1.0
(67, 153, 0), 1.0
(68, 75, 0), 3.0
(69, 247, 0), 2.0
(71, 135, 0), 2.0
(73, 322, 0), 2.0
(75, 186, 0), 2.0
(77, 268, 0), 4.0
(79, 129, 0), 2.0
(79, 402, 0), 3.0
(80, 445, 0), 2.5
(81, 439, 0), 1.0
(83, 74, 0), 6.0
(83, 316, 0), 2.0
(84, 17, 0), 1.0
(84, 132, 0), 1.0
(85, 115, 0), 5.0
(86, 157, 0), 1.0
(86, 447, 0), 1.0
(88, 387, 0), 2.0
(89, 136, 0), 1.0
(94, 239, 0), 2.5
(94, 376, 0), 1.5
(95, 494, 0), 3.0
(96, 171, 0), 4.0
(96, 229, 0), 4.0
(97, 54, 0), 2.0
(99, 138, 0), 1.0
(100, 469, 0), 1.0
(102, 250, 0), 2.0
(102, 298, 0), 1.0
(104, 289, 0), 2.0
(105, 352, 0), 1.0
(105, 421, 0), 2.0
(106, 361, 0), 2.0
(106, 413, 0), 1.0
(107, 349, 0), 1.0
(109, 85, 0), 2.0
(110, 62, 0), 2.0
(111, 286, 0), 1.0
(113, 86, 0), 1.0
(113, 340, 0), 2.0
(114, 149, 0), 2.0
(114, 248, 0), 2.0
(117, 388, 0), 1.0
(118, 414, 0), 2.0
(120, 273, 0), 1.0
(122, 237, 0), 2.0
(123, 146, 0), 2.0
(125, 123, 0), 1.0
(125, 389, 0), 2.0
(126, 462, 0), 1.0
(131, 66, 0), 2.0
(131, 348, 0), 1.0
(132, 424, 0), 4.0
(133, 304, 0), 2.0
(134, 282, 0), 2.0
(135, 362, 0), 2.0
(136, 216, 0), 1.0
(138, 56, 0), 1.0
(139, 22, 0), 1.0
(139, 449, 0), 1.0
(140, 485, 0), 1.0
(142, 164, 0), 2.0
(144, 72, 0), 1.5
(147, 360, 0), 1.0
(148, 124, 0), 1.0
(149, 238, 0), 3.0
(149, 264, 0), 1.0
(151, 31, 0), 1.0
(153, 359, 0), 1.0
(155, 317, 0), 2.0
(155, 344, 0), 1.0
(156, 161, 0), 1.0
(156, 379, 0), 1.0
(159, 171, 0), 2.0
(160, 419, 0), 1.0
(161, 53, 0), 1.0
(163, 171, 0), 1.0
(163, 177, 0), 1.0
(166, 309, 0), 1.0
(166, 368, 0), 2.0
(168, 67, 0), 1.0
(169, 392, 0), 1.0
(170, 183, 0), 2.0
(171, 107, 0), 1.0
(171, 487, 0), 1.0
(173, 50, 0), 4.0
(175, 470, 0), 3.0
(176, 333, 0), 2.0
(178, 478, 0), 1.0
(179, 160, 0), 1.0
(181, 503, 0), 2.0
(183, 34, 0), 1.0
(185, 70, 0), 1.0
(187, 181, 0), 3.0
(188, 3, 0), 1.0
(188, 268, 0), 1.0
(189, 219, 0), 1.0
(189, 225, 0), 2.5
(191, 91, 0), 2.0
(192, 361, 0), 1.0
(194, 304, 0), 1.0
(194, 343, 0), 3.0
(201, 63, 0), 8.0
(202, 124, 0), 1.0
(202, 370, 0), 1.0
(203, 355, 0), 2.5
(204, 400, 0), 4.0
(205, 201, 0), 1.5
(209, 259, 0), 1.0
(210, 425, 0), 1.0
(212, 90, 0), 1.0
(212, 297, 0), 4.0
(213, 335, 0), 1.0
(214, 410, 0), 2.0
(215, 204, 0), 1.0
(216, 218, 0), 1.0
(216, 467, 0), 1.5
(218, 384, 0), 1.5
(220, 193, 0), 1.5
(220, 198, 0), 1.0
(226, 149, 0), 1.3333333333333333
(229, 459, 0), 2.0
(231, 417, 0), 1.5
(232, 220, 0), 1.5
(238, 458, 0), 1.0
(239, 189, 0), 2.0
(240, 430, 0), 1.0
(242, 25, 0), 2.0
(243, 97, 0), 6.0
(244, 274, 0), 1.0
(244, 497, 0), 2.0
(245, 419, 0), 5.0
(246, 2, 0), 4.0
(246, 310, 0), 1.5
(247, 416, 0), 2.0
(248, 201, 0), 1.0
(250, 377, 0), 5.0
(251, 139, 0), 2.0
(251, 223, 0), 1.0
(252, 29, 0), 1.0
(252, 412, 0), 2.0
(255, 42, 0), 1.0
(255, 174, 0), 3.0
(256, 121, 0), 2.0
(258, 228, 0), 1.0
(260, 250, 0), 2.0
(261, 366, 0), 1.0
(264, 255, 0), 1.0
(265, 384, 0), 1.0
(267, 180, 0), 2.0
(268, 49, 0), 1.0
(269, 119, 0), 3.0
(271, 120, 0), 1.3333333333333333
(272, 489, 0), 1.5
(273, 303, 0), 1.0
(273, 370, 0), 5.0
(274, 497, 0), 3.0
(275, 411, 0), 1.0
(277, 335, 0), 3.0
(279, 113, 0), 1.0
(280, 320, 0), 3.0
(281, 140, 0), 1.0
(282, 86, 0), 1.5
(287, 52, 0), 2.0
(290, 89, 0), 1.0
(290, 324, 0), 1.0
(291, 121, 0), 1.0
(292, 230, 0), 1.5
(293, 57, 0), 1.0
(295, 210, 0), 2.0
(296, 253, 0), 1.0
(297, 219, 0), 1.0
(297, 414, 0), 1.0
(300, 475, 0), 3.0
(302, 477, 0), 2.0
(303, 203, 0), 8.0
(303, 306, 0), 2.0
(304, 432, 0), 1.6666666666666667
(306, 37, 0), 2.0
(309, 256, 0), 2.0
(311, 337, 0), 1.0
(313, 332, 0), 1.5
(313, 390, 0), 1.0
(314, 218, 0), 1.0
(315, 481, 0), 4.0
(315, 492, 0), 1.0
(316, 127, 0), 2.0
(316, 457, 0), 1.0
(317, 431, 0), 6.0
(319, 499, 0), 1.0
(322, 306, 0), 1.0
(323, 427, 0), 2.0
(324, 398, 0), 1.0
(325, 252, 0), 1.0
(326, 501, 0), 1.0
(327, 36, 0), 2.0
(329, 104, 0), 6.0
(330, 341, 0), 6.0
(332, 95, 0), 3.5
(335, 493, 0), 3.0
(337, 136, 0), 1.0
(339, 414, 0), 2.0
(340, 285, 0), 3.0
(342, 364, 0), 2.0
(343, 485, 0), 2.0
(345, 400, 0), 3.0
(345, 500, 0), 3.0
(346, 8, 0), 2.0
(347, 247, 0), 1.0
(348, 282, 0), 1.0
(349, 114, 0), 2.0
(350, 131, 0), 2.0
(350, 475, 0), 1.0
(352, 31, 0), 2.0
(353, 10, 0), 1.0
(354, 4, 0), 1.0
(355, 229, 0), 1.0
(356, 322, 0), 2.0
(357, 261, 0), 1.0
(358, 103, 0), 2.0
(359, 456, 0), 1.0
(361, 438, 0), 1.0
(362, 409, 0), 1.0
(364, 511, 0), 2.0
(366, 262, 0), 2.0
(367, 110, 0), 1.0
(367, 445, 0), 8.0
(368, 478, 0), 1.0
(369, 442, 0), 2.0
(372, 491, 0), 1.0
(373, 48, 0), 2.0
(373, 334, 0), 1.6666666666666667
(374, 51, 0), 1.0
(375, 291, 0), 2.0
(377, 279, 0), 2.0
(378, 220, 0), 3.0
(379, 446, 0), 2.0
(380, 62, 0), 1.0
(380, 498, 0), 1.5
(381, 75, 0), 1.0
(383, 217, 0), 3.0
(389, 406, 0), 1.0
(390, 344, 0), 3.0
(391, 52, 0), 1.0
(392, 32, 0), 1.0
(393, 144, 0), 4.0
(393, 210, 0), 1.5
(394, 293, 0), 1.0
(397, 353, 0), 1.0
(398, 276, 0), 1.0
(398, 391, 0), 1.5
(399, 80, 0), 1.5
(401, 197, 0), 1.0
(404, 81, 0), 2.0
(405, 236, 0), 4.0
(406, 399, 0), 1.0
(410, 347, 0), 2.0
(411, 89, 0), 2.0
(411, 256, 0), 2.0
(412, 128, 0), 2.0
(412, 260, 0), 3.0
(413, 166, 0), 1.0
(415, 148, 0), 2.0
(415, 368, 0), 2.0
(416, 381, 0), 2.0
(417, 433, 0), 1.0
(419, 106, 0), 3.0
(420, 228, 0), 1.5
(420, 339, 0), 2.0
(421, 92, 0), 4.0
(426, 148, 0), 1.0
(429, 1, 0), 2.0
(429, 507, 0), 2.0
(431, 448, 0), 1.0
(433, 381, 0), 1.0
(434, 267, 0), 2.0
(437, 71, 0), 1.0
(438, 286, 0), 1.0
(439, 418, 0), 1.0
(442, 326, 0), 4.0
(443, 212, 0), 7.0
(443, 428, 0), 2.0
(444, 100, 0), 1.0
(447, 157, 0), 1.0
(448, 496, 0), 3.0
(449, 505, 0), 1.0
(452, 211, 0), 1.0
(454, 354, 0), 1.0
(455, 502, 0), 1.5
(456, 346, 0), 2.0
(457, 127, 0), 2.0
(457, 338, 0), 1.0
(459, 73, 0), 1.5
(459, 461, 0), 1.0
(461, 140, 0), 2.0
(462, 178, 0), 1.0
(462, 188, 0), 1.0
(464, 208, 0), 2.0
(465, 162, 0), 2.0
(466, 266, 0), 2.0
(467, 209, 0), 2.0
(467, 246, 0), 2.0
(468, 424, 0), 2.0
(469, 281, 0), 1.0
(470, 371, 0), 3.0
(471, 105, 0), 1.0
(471, 185, 0), 1.0
(472, 271, 0), 3.0
(474, 454, 0), 3.0
(475, 170, 0), 2.0
(477, 408, 0), 1.0
(477, 419, 0), 1.0
(478, 309, 0), 2.0
(479, 511, 0), 1.0
(480, 30, 0), 7.0
(480, 362, 0), 3.0
(481, 9, 0), 3.5
(481, 272, 0), 2.0
(482, 276, 0), 3.0
(483, 20, 0), 2.0
(485, 33, 0), 3.0
(486, 55, 0), 2.0
(488, 399, 0), 3.0
(489, 323, 0), 1.0
(491, 59, 0), 8.0
(491, 144, 0), 3.0
(492, 460, 0), 1.0
(494, 45, 0), 1.0
(495, 271, 0), 1.0
(496, 321, 0), 1.0
(497, 148, 0), 2.0
(498, 195, 0), 1.0
(499, 353, 0), 1.0
(501, 407, 0), 1.0
(502, 404, 0), 5.0
(504, 6, 0), 2.0
(504, 482, 0), 1.0
(505, 479, 0), 1.5
(507, 319, 0), 1.0
(508, 326, 0), 1.0
(509, 11, 0), 1.0
(510, 417, 0), 1.0
(0, 353, 0), 3.0
(1, 283, 0), 1.0
(2, 41, 0), 2.0
(4, 400, 0), 7.0
(5, 196, 0), 3.0
(8, 260, 0), 1.0
(9, 345, 0), 2.0
(13, 441, 0), 1.5
(14, 306, 0), 1.5
(16, 485, 0), 1.5
(20, 396, 0), 3.0
(20, 492, 0), 2.0
(21, 462, 0), 2.0
(22, 68, 0), 2.0
(22, 305, 0), 1.0
(23, 193, 0), 1.0
(24, 275, 0), 1.0
(25, 42, 0), 1.0
(25, 441, 0), 1.0
(26, 434, 0), 1.0
(27, 352, 0), 2.0
(28, 300, 0), 2.0
(29, 180, 0), 1.0
(30, 284, 0), 1.5
(31, 194, 0), 1.0
(32, 284, 0), 1.0
(34, 100, 0), 5.0
(35, 160, 0), 1.0
(35, 198, 0), 2.0
(37, 346, 0), 1.0
(38, 359, 0), 1.0
(38, 456, 0), 1.0
(39, 290, 0), 1.0
(39, 467, 0), 1.0
(41, 299, 0), 1.0
(42, 102, 0), 3.0
(43, 280, 0), 1.0
(46, 53, 0), 1.0
(46, 309, 0), 2.0
(48, 287, 0), 2.0
(49, 388, 0), 1.0
(50, 302, 0), 2.0
(51, 104, 0), 2.0
(52, 13, 0), 1.0
(53, 265, 0), 2.5
(54, 39, 0), 1.0
(56, 136, 0), 2.0
(57, 185, 0), 1.0
(58, 42, 0), 1.0
(58, 243, 0), 1.0
(59, 10, 0), 1.0
(61, 206, 0), 3.0
(62, 235, 0), 3.0
(65, 330, 0), 3.0
(67, 342, 0), 1.0
(67, 366, 0), 1.5
(69, 313, 0), 3.0
(70, 44, 0), 1.5
(72, 471, 0), 2.0
(74, 67, 0), 5.0
(76, 442, 0), 1.0
(80, 312, 0), 1.0
(81, 141, 0), 3.0
(82, 95, 0), 2.0
(82, 412, 0), 1.0
(86, 170, 0), 1.5
(87, 409, 0), 1.0
(88, 62, 0), 1.0
(90, 5, 0), 1.0
(91, 356, 0), 1.0
(92, 108, 0), 1.0
(92, 213, 0), 1.0
(93, 233, 0), 1.0
(95, 260, 0), 2.0
(98, 187, 0), 2.0
(98, 382, 0), 4.0
(99, 351, 0), 1.0
(100, 281, 0), 1.0
(100, 425, 0), 6.0
(102, 29, 0), 4.0
(103, 450, 0), 1.0
(104, 332, 0), 3.0
(106, 291, 0), 1.0
(107, 487, 0), 3.0
(108, 439, 0), 1.0
(110, 405, 0), 1.0
(111, 404, 0), 1.0
(111, 438, 0), 4.0
(112, 76, 0), 2.0
(115, 403, 0), 1.0
(116, 438, 0), 1.0
(120, 132, 0), 1.5
(123, 502, 0), 1.0
(124, 202, 0), 2.0
(125, 28, 0), 2.0
(126, 21, 0), 3.0
(127, 448, 0), 3.0
(128, 346, 0), 1.0
(129, 310, 0), 1.0
(129, 336, 0), 1.0
(130, 430, 0), 1.0
(131, 434, 0), 1.0
(132, 243, 0), 2.5
(134, 66, 0), 2.0
(136, 121, 0), 1.0
(136, 291, 0), 1.0
(137, 88, 0), 4.0
(137, 488, 0), 5.0
(140, 221, 0), 2.5
(147, 256, 0), 2.0
(149, 472, 0), 1.0
(150, 46, 0), 2.0
(150, 511, 0), 1.0
(152, 382, 0), 2.0
(154, 392, 0), 2.0
(155, 355, 0), 3.0
(156, 446, 0), 2.0
(157, 214, 0), 1.0
(160, 119, 0), 1.0
(161, 51, 0), 1.0
(162, 300, 0), 1.0
(163, 169, 0), 1.0
(164, 252, 0), 1.0
(165, 39, 0), 1.0
(166, 111, 0), 6.0
(168, 456, 0), 2.0
(169, 257, 0), 1.0
(169, 440, 0), 1.0
(170, 61, 0), 1.0
(171, 1, 0), 2.0
(171, 397, 0), 2.0
(173, 60, 0), 5.0
(176, 25, 0), 2.0
(178, 364, 0), 2.0
(179, 419, 0), 1.0
(179, 426, 0), 2.0
(180, 350, 0), 1.0
(182, 225, 0), 4.0
(182, 506, 0), 3.0
(184, 245, 0), 1.0
(186, 373, 0), 4.0
(187, 185, 0), 1.0
(188, 116, 0), 1.0
(188, 228, 0), 1.0
(189, 338, 0), 2.0
(191, 334, 0), 1.0
(192, 211, 0), 2.5
(194, 133, 0), 1.5
(195, 27, 0), 1.0
(196, 318, 0), 3.0
(197, 343, 0), 1.0
(198, 254, 0), 3.0
(198, 378, 0), 2.0
(200, 383, 0), 2.0
(202, 458, 0), 1.0
(205, 329, 0), 1.0
(206, 409, 0), 4.0
(207, 85, 0), 1.0
(207, 109, 0), 1.0
(208, 349, 0), 1.0
(209, 17, 0), 1.0
(210, 469, 0), 2.0
(212, 251, 0), 1.0
(213, 277, 0), 6.0
(217, 219, 0), 2.0
(220, 450, 0), 1.0
(221, 4, 0), 3.0
(223, 443, 0), 7.0
(224, 501, 0), 1.0
(227, 421, 0), 1.0
(227, 464, 0), 1.0
(229, 0, 0), 1.0
(230, 414, 0), 1.0
(233, 23, 0), 3.0
(233, 505, 0), 2.0
(235, 156, 0), 1.0
(235, 488, 0), 4.0
(236, 47, 0), 1.0
(236, 351, 0), 5.0
(237, 354, 0), 1.0
(237, 355, 0), 1.0
(240, 195, 0), 2.0
(240, 352, 0), 2.0
(241, 122, 0), 2.0
(241, 332, 0), 1.0
(242, 43, 0), 1.0
(248, 163, 0), 2.0
(249, 196, 0), 1.0
(252, 267, 0), 1.0
(253, 188, 0), 2.0
(253, 364, 0), 1.0
(254, 358, 0), 1.0
(255, 101, 0), 1.0
(256, 166, 0), 1.0
(258, 339, 0), 1.0
(260, 158, 0), 1.0
(262, 232, 0), 4.0
(263, 404, 0), 2.0
(265, 37, 0), 5.0
(265, 153, 0), 1.0
(266, 479, 0), 1.0
(268, 224, 0), 1.0
(268, 228, 0), 1.3333333333333333
(269, 320, 0), 2.0
(270, 249, 0), 1.0
(272, 123, 0), 2.5
(274, 207, 0), 1.0
(275, 56, 0), 1.5
(275, 142, 0), 2.5
(276, 287, 0), 1.0
(277, 50, 0), 1.0
(278, 333, 0), 1.0
(279, 468, 0), 4.0
(280, 13, 0), 2.0
(281, 393, 0), 1.0
(283, 209, 0), 1.0
(284, 10, 0), 1.0
(284, 372, 0), 1.0
(285, 447, 0), 1.5
(286, 312, 0), 1.0
(288, 462, 0), 1.0
(289, 241, 0), 1.0
(289, 292, 0), 1.0
(290, 20, 0), 2.0
(290, 504, 0), 1.0
(291, 408, 0), 1.0
(292, 82, 0), 2.0
(293, 394, 0), 4.0
(295, 281, 0), 1.0
(296, 150, 0), 1.0
(297, 117, 0), 1.0
(297, 466, 0), 3.0
(298, 21, 0), 1.0
(298, 255, 0), 1.0
(299, 315, 0), 2.0
(305, 416, 0), 1.0
(307, 108, 0), 1.0
(308, 124, 0), 1.0
(310, 159, 0), 2.0
(311, 290, 0), 1.0
(313, 289, 0), 1.0
(313, 392, 0), 1.0
(314, 384, 0), 1.0
(315, 437, 0), 2.0
(318, 32, 0), 1.0
(322, 374, 0), 1.0
(323, 477, 0), 1.0
(325, 89, 0), 1.0
(326, 224, 0), 1.5
(326, 300, 0), 1.0
(333, 301, 0), 1.0
(335, 22, 0), 1.0
(336, 206, 0), 1.0
(336, 215, 0), 2.0
(337, 375, 0), 1.0
(339, 388, 0), 1.0
(341, 290, 0), 2.0
(342, 168, 0), 3.0
(344, 393, 0), 3.0
(346, 338, 0), 1.0
(347, 48, 0), 2.0
(347, 282, 0), 2.5
(350, 86, 0), 1.0
(352, 432, 0), 1.0
(353, 41, 0), 1.0
(354, 155, 0), 1.0
(355, 271, 0), 1.0
(356, 153, 0), 3.0
(357, 182, 0), 1.0
(357, 418, 0), 1.6666666666666667
(359, 53, 0), 1.0
(359, 236, 0), 1.0
(360, 191, 0), 6.0
(361, 427, 0), 2.5
(361, 502, 0), 6.0
(364, 38, 0), 2.0
(365, 29, 0), 1.0
(365, 113, 0), 6.0
(366, 92, 0), 1.0
(368, 168, 0), 3.0
(368, 415, 0), 1.0
(370, 14, 0), 1.0
(370, 262, 0), 1.0
(371, 188, 0), 1.0
(371, 466, 0), 1.0
(374, 189, 0), 1.0
(376, 91, 0), 2.0
(376, 265, 0), 1.0
(377, 495, 0), 4.0
(378, 15, 0), 3.0
(380, 490, 0), 3.0
(381, 186, 0), 1.0
(383, 313, 0), 1.5
(389, 137, 0), 4.0
(390, 237, 0), 2.5
(391, 275, 0), 4.0
(392, 177, 0), 4.0
(392, 294, 0), 1.0
(393, 491, 0), 1.0
(394, 0, 0), 7.0
(394, 72, 0), 2.0
(395, 12, 0), 2.0
(396, 84, 0), 1.0
(397, 246, 0), 5.0
(398, 482, 0), 1.0
(399, 136, 0), 2.0
(400, 87, 0), 2.0
(402, 336, 0), 1.0
(405, 380, 0), 6.0
(406, 137, 0), 1.0
(408, 286, 0), 2.0
(409, 157, 0), 1.0
(414, 100, 0), 1.0
(414, 217, 0), 3.0
(417, 71, 0), 4.0
(420, 100, 0), 1.0
(421, 197, 0), 1.0
(422, 341, 0), 1.0
(425, 210, 0), 1.0
(427, 141, 0), 2.0
(430, 201, 0), 2.0
(431, 496, 0), 2.0
(432, 227, 0), 2.0
(433, 489, 0), 2.0
(434, 325, 0), 3.0
(437, 135, 0), 5.0
(438, 112, 0), 1.0
(441, 24, 0), 1.0
(442, 162, 0), 1.0
(444, 183, 0), 1.0
(445, 62, 0), 3.0
(446, 329, 0), 1.0
(448, 459, 0), 1.5
(449, 305, 0), 1.0
(450, 254, 0), 1.0
(451, 270, 0), 2.5
(451, 296, 0), 1.0
(452, 33, 0), 1.0
(453, 437, 0), 3.0
(455, 77, 0), 2.5
(457, 374, 0), 1.0
(458, 308, 0), 2.0
(459, 493, 0), 1.0
(460, 457, 0), 1.0
(462, 49, 0), 5.0
(462, 150, 0), 7.0
(464, 429, 0), 1.0
(468, 34, 0), 3.0
(469, 194, 0), 1.0
(469, 420, 0), 1.0
(471, 181, 0), 1.0
(476, 295, 0), 1.0
(477, 106, 0), 1.0
(477, 234, 0), 1.0
(479, 23, 0), 1.0
(479, 139, 0), 1.0
(482, 186, 0), 3.0
(483, 83, 0), 1.0
(484, 109, 0), 1.0
(484, 242, 0), 3.0
(485, 133, 0), 1.0
(486, 473, 0), 1.0
(488, 52, 0), 1.0
(489, 65, 0), 1.0
(490, 149, 0), 1.0
(492, 26, 0), 1.0
(492, 457, 0), 2.0
(494, 180, 0), 2.5
(494, 230, 0), 3.0
(496, 461, 0), 2.5
(498, 201, 0), 1.0
(504, 398, 0), 4.0
(506, 175, 0), 2.0
(506, 263, 0), 1.0
(508, 40, 0), 1.0
(508, 134, 0), 3.0
(509, 264, 0), 4.0
(510, 231, 0), 1.0
(511, 359, 0), 5.0
(511, 405, 0), 1.0
(1, 79, 0), 1.5
(1, 486, 0), 1.0
(3, 21, 0), 1.0
(5, 410, 0), 1.0
(6, 499, 0), 1.0
(7, 122, 0), 1.0
(10, 2, 0), 1.0
(11, 158, 0), 5.0
(11, 161, 0), 3.0
(13, 29, 0), 1.0
(13, 43, 0), 2.0
(14, 507, 0), 2.0
(17, 179, 0), 1.0
(19, 13, 0), 6.0
(22, 489, 0), 2.0
(23, 359, 0), 3.0
(24, 121, 0), 2.0
(28, 40, 0), 2.0
(29, 279, 0), 2.0
(32, 169, 0), 1.0
(36, 385, 0), 1.3333333333333333
(37, 83, 0), 2.0
(38, 53, 0), 2.0
(38, 168, 0), 1.0
(39, 422, 0), 3.0
(40, 350, 0), 5.0
(42, 58, 0), 2.0
(43, 52, 0), 2.5
(45, 348, 0), 6.0
(46, 38, 0), 2.0
(47, 138, 0), 3.0
(47, 376, 0), 2.0
(48, 169, 0), 2.0
(51, 376, 0), 1.0
(52, 18, 0), 2.0
(54, 310, 0), 1.0
(55, 503, 0), 2.0
(60, 160, 0), 5.0
(61, 336, 0), 1.0
(63, 473, 0), 2.0
(64, 109, 0), 4.0
(65, 504, 0), 1.0
(66, 407, 0), 1.0
(67, 193, 0), 1.0
(67, 415, 0), 1.0
(70, 214, 0), 2.0
(71, 323, 0), 1.0
(73, 94, 0), 1.0
(74, 273, 0), 2.0
(75, 416, 0), 4.0
(76, 3, 0), 1.0
(76, 77, 0), 2.0
(78, 508, 0), 2.0
(80, 236, 0), 2.5
(80, 505, 0), 1.0
(82, 460, 0), 4.0
(83, 456, 0), 3.0
(84, 20, 0), 4.0
(84, 311, 0), 1.0
(86, 350, 0), 1.0
(86, 475, 0), 4.0
(87, 183, 0), 1.0
(87, 453, 0), 2.0
(88, 331, 0), 4.0
(91, 145, 0), 1.0
(91, 322, 0), 5.0
(92, 103, 0), 1.0
(92, 197, 0), 1.0
(93, 234, 0), 2.0
(94, 91, 0), 3.0
(95, 250, 0), 1.0
(97, 39, 0), 6.0
(97, 311, 0), 1.0
(99, 216, 0), 1.0
(99, 291, 0), 6.0
(101, 458, 0), 3.0
(103, 108, 0), 2.5
(106, 477, 0), 1.0
(107, 208, 0), 3.0
(108, 343, 0), 1.0
(109, 60, 0), 2.5
(109, 419, 0), 1.5
(110, 367, 0), 1.0
(112, 126, 0), 3.0
(113, 61, 0), 2.0
(114, 11, 0), 2.0
(115, 98, 0), 1.0
(115, 423, 0), 1.0
(116, 268, 0), 1.5
(116, 288, 0), 3.0
(117, 281, 0), 5.0
(117, 414, 0), 1.0
(118, 267, 0), 1.0
(118, 388, 0), 1.0
(119, 160, 0), 1.0
(120, 84, 0), 1.5
(122, 355, 0), 1.0
(123, 361, 0), 2.0
(124, 84, 0), 5.0
(125, 465, 0), 1.0
(128, 8, 0), 1.0
(129, 269, 0), 1.0
(130, 114, 0), 1.0
(130, 208, 0), 1.0
(131, 65, 0), 2.0
(131, 324, 0), 2.0
(132, 365, 0), 1.0
(133, 194, 0), 1.0
(134, 350, 0), 1.0
(134, 482, 0), 3.0
(135, 173, 0), 1.5
(135, 293, 0), 1.0
(139, 277, 0), 1.0
(140, 210, 0), 2.0
(142, 24, 0), 3.0
(143, 214, 0), 1.0
(147, 142, 0), 2.0
(147, 412, 0), 2.0
(148, 64, 0), 4.0
(148, 274, 0), 2.0
(149, 158, 0), 2.0
(151, 196, 0), 1.0
(153, 15, 0), 2.5
(153, 220, 0), 2.0
(155, 132, 0), 2.5
(156, 51, 0), 5.0
(157, 70, 0), 1.0
(157, 257, 0), 2.0
(158, 294, 0), 2.0
(159, 402, 0), 1.5
(160, 55, 0), 1.0
(161, 205, 0), 1.0
(163, 96, 0), 1.0
(163, 440, 0), 1.0
(165, 272, 0), 2.0
(166, 192, 0), 2.0
(167, 255, 0), 1.0
(169, 154, 0), 3.0
(169, 295, 0), 2.0
(171, 283, 0), 2.0
(172, 441, 0), 2.0
(175, 455, 0), 3.0
(178, 116, 0), 5.0
(179, 109, 0), 2.0
(180, 45, 0), 3.0
(180, 279, 0), 4.0
(181, 50, 0), 1.0
(181, 358, 0), 1.0
(181, 450, 0), 1.0
(184, 60, 0), 2.0
(185, 57, 0), 5.0
(185, 152, 0), 1.0
(186, 6, 0), 1.0
(187, 151, 0), 1.0
(190, 248, 0), 1.0
(191, 276, 0), 1.0
(191, 373, 0), 2.0
(193, 213, 0), 4.0
(193, 261, 0), 2.0
(195, 382, 0), 1.0
(196, 383, 0), 4.0
(197, 16, 0), 3.0
(197, 452, 0), 1.0
(202, 83, 0), 1.0
(203, 431, 0), 1.5
(205, 114, 0), 5.0
(207, 301, 0), 1.0
(208, 14, 0), 1.0
(208, 171, 0), 2.5
(209, 54, 0), 3.0
(210, 471, 0), 5.0
(212, 436, 0), 2.0
(213, 23, 0), 2.0
(214, 5, 0), 1.0
(215, 284, 0), 1.0
(215, 409, 0), 1.0
(216, 35, 0), 2.0
(216, 375, 0), 3.0
(219, 225, 0), 3.0
(220, 213, 0), 3.0
(222, 304, 0), 1.0
(224, 118, 0), 1.0
(225, 292, 0), 3.0
(225, 371, 0), 1.0
(228, 326, 0), 1.0
(230, 34, 0), 1.5
(230, 476, 0), 1.0
(232, 464, 0), 1.0
(234, 233, 0), 2.0
(234, 378, 0), 2.0
(236, 498, 0), 2.0
(237, 155, 0), 2.0
(237, 424, 0), 2.5
(238, 432, 0), 1.0
(239, 496, 0), 1.0
(242, 167, 0), 1.0
(243, 113, 0), 6.0
(244, 184, 0), 2.0
(247, 295, 0), 4.0
(250, 298, 0), 1.0
(251, 261, 0), 1.0
(251, 335, 0), 2.0
(256, 411, 0), 1.0
(256, 478, 0), 2.5
(257, 32, 0), 2.0
(258, 474, 0), 1.0
(260, 252, 0), 1.0
(261, 277, 0), 1.0
(261, 357, 0), 1.0
(262, 273, 0), 1.5
(264, 298, 0), 1.0
(264, 309, 0), 5.0
(266, 405, 0), 2.0
(267, 230, 0), 1.0
(267, 414, 0), 1.3333333333333333
(268, 442, 0), 2.0
(270, 296, 0), 2.0
(271, 458, 0), 1.0
(273, 271, 0), 2.5
(275, 24, 0), 1.0
(276, 379, 0), 1.0
(277, 93, 0), 1.0
(278, 3, 0), 2.0
(279, 61, 0), 2.5
(281, 177, 0), 1.0
(282, 447, 0), 1.0
(283, 218, 0), 1.0
(283, 486, 0), 1.0
(284, 41, 0), 1.0
(285, 257, 0), 1.0
(286, 80, 0), 1.0
(287, 280, 0), 1.0
(288, 3, 0), 1.0
(288, 46, 0), 1.5
(290, 337, 0), 3.0
(291, 166, 0), 6.0
(292, 434, 0), 2.0
(293, 372, 0), 1.0
(294, 255, 0), 1.0
(294, 495, 0), 1.0
(295, 313, 0), 1.0
(295, 318, 0), 5.0
(296, 297, 0), 1.0
(297, 266, 0), 2.0
(298, 174, 0), 1.0
(298, 462, 0), 4.0
(299, 437, 0), 2.0
(301, 36, 0), 1.0
(302, 245, 0), 1.0
(303, 487, 0), 2.0
(304, 105, 0), 2.0
(306, 370, 0), 1.5
(307, 421, 0), 3.0
(308, 179, 0), 1.0
(309, 128, 0), 5.0
(310, 486, 0), 1.0
(312, 505, 0), 1.0
(313, 177, 0), 1.0
(313, 241, 0), 1.0
(314, 360, 0), 1.0
(315, 341, 0), 1.0
(316, 20, 0), 2.0
(316, 202, 0), 1.0
(318, 143, 0), 1.3333333333333333
(319, 384, 0), 1.0
(319, 397, 0), 1.0
(322, 303, 0), 1.0
(323, 302, 0), 4.0
(323, 361, 0), 1.0
(324, 89, 0), 1.5
(324, 290, 0), 1.0
(325, 412, 0), 1.0
(326, 40, 0), 1.0
(329, 247, 0), 4.0
(330, 272, 0), 3.0
(330, 290, 0), 1.0
(332, 7, 0), 3.0
(333, 162, 0), 3.0
(333, 442, 0), 2.0
(334, 94, 0), 2.0
(335, 223, 0), 1.0
(336, 97, 0), 1.0
(337, 467, 0), 1.0
(338, 8, 0), 1.0
(340, 336, 0), 3.0
(341, 9, 0), 4.0
(344, 317, 0), 2.0
(346, 83, 0), 4.0
(346, 127, 0), 1.0
(348, 391, 0), 2.0
(348, 482, 0), 2.0
(349, 130, 0), 1.0
(349, 240, 0), 1.0
(350, 348, 0), 1.3333333333333333
(350, 407, 0), 2.0
(352, 105, 0), 3.0
(352, 226, 0), 1.0
(353, 417, 0), 2.0
(355, 248, 0), 2.0
(358, 450, 0), 6.0
(358, 464, 0), 1.0
(359, 47, 0), 2.5
(362, 70, 0), 5.0
(362, 85, 0), 1.0
(363, 26, 0), 2.0
(367, 405, 0), 4.0
(370, 107, 0), 3.0
(373, 329, 0), 2.0
(373, 347, 0), 2.0
(374, 448, 0), 5.0
(375, 136, 0), 1.0
(377, 494, 0), 1.0
(379, 52, 0), 1.0
(379, 287, 0), 2.0
(380, 253, 0), 1.5
(381, 65, 0), 1.0
(381, 499, 0), 2.0
(383, 281, 0), 1.0
(384, 356, 0), 1.0
(386, 125, 0), 1.0
(395, 497, 0), 1.0
(396, 97, 0), 1.5
(396, 204, 0), 6.0
(398, 147, 0), 1.0
(399, 314, 0), 1.0
(401, 262, 0), 2.0
(402, 129, 0), 1.0
(402, 215, 0), 1.0
(403, 55, 0), 5.0
(404, 141, 0), 1.0
(406, 441, 0), 1.0
(407, 501, 0), 1.0
(410, 200, 0), 1.5
(411, 166, 0), 6.0
(411, 413, 0), 2.0
(412, 483, 0), 2.0
(413, 316, 0), 2.0
(413, 368, 0), 1.0
(415, 273, 0), 2.5
(415, 401, 0), 1.0
(418, 178, 0), 1.5
(421, 358, 0), 1.5
(422, 299, 0), 2.0
(422, 409, 0), 1.0
(423, 484, 0), 2.0
(424, 206, 0), 2.0
(425, 454, 0), 3.0
(425, 469, 0), 1.3333333333333333
(426, 124, 0), 1.0
(428, 334, 0), 1.0
(429, 198, 0), 1.0
(430, 114, 0), 2.0
(432, 101, 0), 4.0
(434, 45, 0), 1.0
(436, 69, 0), 2.0
(437, 427, 0), 1.0
(438, 76, 0), 2.0
(439, 178, 0), 1.0
(439, 342, 0), 1.0
(440, 59, 0), 3.0
(440, 393, 0), 6.0
(441, 43, 0), 1.0
(444, 170, 0), 3.0
(445, 389, 0), 5.0
(446, 48, 0), 5.0
(447, 86, 0), 2.0
(447, 170, 0), 2.0
(449, 90, 0), 1.0
(450, 93, 0), 1.0
(450, 103, 0), 2.0
(451, 304, 0), 3.0
(454, 222, 0), 2.0
(454, 270, 0), 1.0
(456, 128, 0), 1.0
(458, 124, 0), 1.0
(460, 346, 0), 1.5
(463, 12, 0), 1.0
(464, 14, 0), 1.0
(466, 188, 0), 2.0
(467, 216, 0), 1.0
(468, 237, 0), 3.0
(469, 221, 0), 1.5
(471, 307, 0), 2.0
(473, 1, 0), 1.5
(475, 326, 0), 1.0
(476, 241, 0), 2.5
(477, 146, 0), 2.0
(479, 251, 0), 2.0
(481, 175, 0), 2.0
(483, 346, 0), 6.0
(484, 172, 0), 1.0
(487, 229, 0), 2.0
(487, 507, 0), 1.0
(488, 56, 0), 1.0
(489, 381, 0), 2.0
(490, 226, 0), 1.0
(492, 346, 0), 1.0
(493, 108, 0), 1.0
(495, 472, 0), 2.0
(496, 223, 0), 1.0
(497, 452, 0), 1.5
(498, 490, 0), 1.0
(499, 199, 0), 1.0
(501, 224, 0), 2.0
(501, 434, 0), 2.0
(503, 187, 0), 3.0
(504, 360, 0), 1.0
(505, 139, 0), 1.0
(505, 405, 0), 1.0
(506, 363, 0), 1.0
(506, 470, 0), 1.0
(507, 322, 0), 1.0
(507, 397, 0), 1.0
(509, 161, 0), 2.0
(510, 22, 0), 1.0
(510, 493, 0), 1.0
(511, 53, 0), 1.0
(0, 96, 0), 1.0
(1, 154, 0), 4.0
(1, 163, 0), 1.0
(2, 467, 0), 1.0
(4, 500, 0), 2.0
(5, 27, 0), 1.0
(6, 65, 0), 2.0
(8, 338, 0), 5.0
(9, 492, 0), 1.0
(10, 310, 0), 3.0
(14, 220, 0), 1.0
(15, 314, 0), 1.0
(15, 399, 0), 5.0
(16, 194, 0), 1.0
(17, 308, 0), 1.0
(18, 391, 0), 2.0
(18, 447, 0), 1.0
(19, 320, 0), 1.0
(21, 298, 0), 1.0
(25, 167, 0), 3.0
(25, 255, 0), 4.0
(27, 249, 0), 5.0
(29, 52, 0), 1.0
(30, 159, 0), 1.0
(31, 222, 0), 1.0
(31, 304, 0), 1.0
(32, 372, 0), 1.0
(33, 469, 0), 1.5
(35, 291, 0), 1.5
(36, 115, 0), 2.0
(36, 327, 0), 2.0
(38, 193, 0), 1.0
(39, 165, 0), 1.0
(44, 300, 0), 3.0
(46, 264, 0), 5.0
(51, 8, 0), 1.0
(54, 218, 0), 3.0
(54, 486, 0), 1.5
(55, 464, 0), 1.0
(56, 275, 0), 1.0
(61, 285, 0), 2.0
(64, 308, 0), 5.0
(67, 38, 0), 1.0
(68, 428, 0), 2.0
(71, 22, 0), 1.0
(72, 343, 0), 2.0
(72, 461, 0), 1.0
(73, 68, 0), 1.0
(77, 263, 0), 1.0
(78, 90, 0), 2.0
(79, 446, 0), 4.0
(82, 494, 0), 1.0
(84, 243, 0), 2.0
(85, 207, 0), 1.0
(86, 482, 0), 1.0
(87, 12, 0), 2.0
(89, 56, 0), 1.0
(90, 139, 0), 2.0
(92, 133, 0), 1.0
(92, 366, 0), 1.0
(95, 82, 0), 1.0
(98, 57, 0), 2.0
(99, 121, 0), 1.0
(100, 414, 0), 3.0
(102, 377, 0), 3.0
(104, 338, 0), 1.0
(105, 133, 0), 1.0
(106, 245, 0), 1.0
(106, 408, 0), 3.0
(108, 92, 0), 2.0
(109, 160, 0), 1.0
(110, 387, 0), 1.0
(110, 445, 0), 1.0
(111, 263, 0), 1.0
(113, 336, 0), 4.0
(114, 130, 0), 1.0
(115, 44, 0), 1.5
(115, 385, 0), 2.0
(119, 429, 0), 1.0
(120, 124, 0), 1.0
(122, 241, 0), 1.0
(124, 368, 0), 4.0
(125, 386, 0), 1.0
(127, 457, 0), 1.0
(128, 460, 0), 1.0
(128, 509, 0), 1.0
(129, 54, 0), 1.0
(129, 284, 0), 2.0
(130, 248, 0), 1.0
(133, 463, 0), 1.0
(135, 323, 0), 3.0
(138, 156, 0), 2.0
(139, 93, 0), 1.0
(139, 510, 0), 1.0
(141, 315, 0), 1.0
(142, 126, 0), 1.0
(143, 78, 0), 1.0
(143, 152, 0), 4.0
(143, 282, 0), 1.0
(145, 319, 0), 2.0
(145, 356, 0), 1.0
(149, 190, 0), 1.0
(150, 11, 0), 1.0
(151, 144, 0), 1.0
(154, 79, 0), 2.0
(154, 205, 0), 4.0
(157, 480, 0), 1.0
(160, 254, 0), 2.0
(160, 429, 0), 2.0
(161, 8, 0), 2.0
(162, 258, 0), 1.0
(163, 344, 0), 1.0
(163, 487, 0), 3.0
(164, 102, 0), 2.0
(164, 298, 0), 3.0
(167, 458, 0), 1.5
(168, 413, 0), 2.0
(168, 483, 0), 2.0
(172, 406, 0), 1.0
(175, 350, 0), 1.0
(176, 278, 0), 2.0
(179, 17, 0), 4.0
(181, 231, 0), 1.0
(183, 33, 0), 1.0
(183, 409, 0), 1.0
(184, 173, 0), 1.0
(185, 5, 0), 1.0
(187, 27, 0), 4.0
(187, 307, 0), 4.0
(188, 364, 0), 1.0
(189, 182, 0), 1.0
(189, 292, 0), 1.0
(190, 122, 0), 1.5
(191, 156, 0), 1.0
(192, 148, 0), 1.0
(194, 210, 0), 1.0
(194, 463, 0), 1.0
(197, 497, 0), 1.0
(198, 245, 0), 1.5
(199, 91, 0), 1.0
(202, 120, 0), 3.0
(202, 316, 0), 1.0
(203, 202, 0), 2.0
(206, 215, 0), 1.0
(210, 31, 0), 1.0
(214, 86, 0), 2.0
(215, 39, 0), 1.0
(217, 388, 0), 1.0
(218, 467, 0), 2.0
(224, 100, 0), 1.0
(224, 470, 0), 2.0
(227, 240, 0), 2.0
(227, 262, 0), 1.0
(228, 339, 0), 1.0
(228, 474, 0), 1.0
(230, 267, 0), 3.0
(231, 71, 0), 1.0
(231, 323, 0), 2.0
(232, 358, 0), 1.0
(239, 68, 0), 2.0
(240, 187, 0), 1.0
(240, 421, 0), 1.0
(241, 250, 0), 3.0
(242, 172, 0), 1.0
(244, 148, 0), 1.0
(247, 410, 0), 1.0
(248, 154, 0), 3.0
(249, 296, 0), 3.0
(250, 164, 0), 1.0
(251, 371, 0), 1.0
(252, 147, 0), 1.5
(253, 150, 0), 1.0
(253, 451, 0), 2.0
(254, 503, 0), 2.0
(255, 432, 0), 5.0
(258, 157, 0), 2.0
(258, 183, 0), 1.0
(259, 89, 0), 1.0
(259, 426, 0), 5.0
(261, 335, 0), 5.0
(261, 418, 0), 1.0
(262, 370, 0), 2.0
(263, 452, 0), 1.0
(265, 220, 0), 1.0
(268, 278, 0), 1.0
(269, 280, 0), 1.0
(274, 12, 0), 1.5
(274, 301, 0), 1.0
(275, 136, 0), 1.0
(276, 186, 0), 3.0
(276, 191, 0), 1.0
(277, 233, 0), 1.0
(277, 510, 0), 3.0
(280, 43, 0), 2.0
(280, 379, 0), 4.0
(281, 313, 0), 1.0
(282, 78, 0), 2.0
(283, 246, 0), 2.0
(284, 30, 0), 1.0
(285, 215, 0), 3.0
(286, 488, 0), 1.0
(287, 340, 0), 1.0
(287, 447, 0), 1.0
(288, 478, 0), 1.0
(289, 82, 0), 4.0
(289, 267, 0), 2.0
(291, 375, 0), 5.0
(292, 224, 0), 1.0
(294, 25, 0), 1.0
(294, 122, 0), 2.0
(295, 440, 0), 1.0
(296, 117, 0), 4.0
(298, 25, 0), 4.0
(300, 162, 0), 1.0
(301, 167, 0), 1.0
(301, 176, 0), 1.0
(302, 450, 0), 3.0
(303, 171, 0), 2.0
(305, 22, 0), 1.0
(308, 301, 0), 1.0
(310, 1, 0), 3.0
(311, 84, 0), 1.0
(311, 209, 0), 3.0
(312, 80, 0), 1.0
(313, 476, 0), 1.0
(314, 145, 0), 1.0
(315, 123, 0), 3.0
(316, 492, 0), 1.0
(318, 185, 0), 1.0
(319, 199, 0), 1.5
(319, 504, 0), 3.0
(322, 397, 0), 1.0
(323, 146, 0), 3.0
(324, 259, 0), 4.0
(324, 341, 0), 1.0
(325, 494, 0), 1.5
(326, 420, 0), 1.0
(328, 174, 0), 1.0
(335, 357, 0), 1.0
(336, 129, 0), 1.0
(337, 330, 0), 2.0
(338, 94, 0), 1.0
(339, 117, 0), 1.0
(339, 118, 0), 1.0
(340, 43, 0), 5.0
(342, 456, 0), 2.0
(343, 133, 0), 1.0
(343, 197, 0), 1.0
(345, 496, 0), 1.0
(346, 203, 0), 1.0
(347, 410, 0), 2.0
(349, 195, 0), 1.0
(349, 227, 0), 2.0
(354, 425, 0), 1.0
(354, 469, 0), 2.0
(355, 487, 0), 1.0
(356, 376, 0), 1.5
(357, 321, 0), 1.0
(359, 265, 0), 1.0
(360, 145, 0), 2.0
(364, 46, 0), 4.0
(366, 261, 0), 1.0
(368, 179, 0), 1.5
(368, 413, 0), 4.0
(369, 85, 0), 1.0
(369, 362, 0), 1.0
(370, 238, 0), 1.0
(372, 185, 0), 2.0
(372, 394, 0), 1.0
(374, 322, 0), 2.0
(375, 89, 0), 1.0
(375, 411, 0), 1.0
(376, 37, 0), 1.0
(376, 338, 0), 2.0
(377, 468, 0), 1.0
(378, 14, 0), 1.0
(379, 276, 0), 3.0
(381, 199, 0), 1.0
(383, 247, 0), 1.0
(384, 198, 0), 2.0
(384, 314, 0), 2.0
(385, 403, 0), 1.0
(386, 300, 0), 2.0
(388, 212, 0), 1.0
(390, 155, 0), 3.0
(390, 354, 0), 1.0
(391, 147, 0), 1.0
(395, 244, 0), 1.0
(396, 243, 0), 2.0
(398, 131, 0), 1.0
(399, 99, 0), 2.0
(400, 485, 0), 1.0
(402, 340, 0), 1.0
(402, 446, 0), 1.0
(404, 111, 0), 1.0
(406, 21, 0), 2.0
(407, 481, 0), 1.0
(408, 99, 0), 1.0
(409, 362, 0), 2.0
(410, 282, 0), 2.0
(413, 259, 0), 1.0
(413, 426, 0), 1.0
(414, 281, 0), 1.0
(416, 305, 0), 1.0
(419, 427, 0), 1.0
(422, 480, 0), 1.0
(425, 183, 0), 1.0
(426, 35, 0), 5.0
(426, 179, 0), 1.0
(427, 106, 0), 1.0
(428, 289, 0), 4.0
(429, 55, 0), 1.0
(429, 218, 0), 3.0
(431, 155, 0), 1.0
(432, 262, 0), 1.0
(434, 230, 0), 3.0
(435, 449, 0), 5.0
(436, 334, 0), 3.0
(437, 123, 0), 1.0
(439, 38, 0), 1.0
(439, 478, 0), 1.0
(441, 252, 0), 4.0
(442, 28, 0), 1.0
(443, 219, 0), 1.0
(446, 379, 0), 2.0
(449, 75, 0), 5.0
(450, 181, 0), 1.0
(453, 141, 0), 1.0
(456, 483, 0), 1.0
(457, 496, 0), 1.0
(458, 415, 0), 3.0
(463, 395, 0), 2.0
(463, 497, 0), 1.0
(465, 385, 0), 1.0
(466, 380, 0), 4.0
(467, 311, 0), 1.0
(469, 31, 0), 1.0
(470, 228, 0), 2.0
(471, 249, 0), 1.0
(473, 119, 0), 1.0
(474, 369, 0), 1.0
(475, 28, 0), 1.0
(476, 390, 0), 2.0
(477, 399, 0), 1.0
(478, 342, 0), 1.0
(481, 363, 0), 1.0
(483, 316, 0), 1.0
(485, 87, 0), 5.0
(485, 395, 0), 1.0
(486, 269, 0), 1.0
(487, 171, 0), 1.0
(488, 136, 0), 1.0
(488, 351, 0), 2.0
(489, 416, 0), 2.0
(492, 127, 0), 5.0
(494, 260, 0), 1.0
(496, 317, 0), 1.0
(496, 448, 0), 1.0
(497, 211, 0), 1.0
(503, 98, 0), 2.0
(505, 367, 0), 1.0
(507, 384, 0), 1.0
(510, 251, 0), 4.0
(510, 449, 0), 1.0
(511, 509, 0), 1.0
(1, 344, 0), 2.0
(2, 39, 0), 2.0
(2, 54, 0), 2.0
(5, 151, 0), 1.5
(7, 8, 0), 2.0
(7, 201, 0), 1.0
(9, 400, 0), 2.0
(9, 500, 0), 3.0
(10, 422, 0), 1.0
(12, 184, 0), 2.0
(13, 172, 0), 3.0
(16, 140, 0), 1.0
(16, 345, 0), 1.0
(17, 19, 0), 1.0
(18, 45, 0), 2.0
(19, 484, 0), 3.0
(20, 324, 0), 1.0
(21, 278, 0), 1.0
(24, 80, 0), 4.0
(26, 363, 0), 2.0
(28, 508, 0), 1.0
(29, 252, 0), 4.0
(29, 340, 0), 1.5
(30, 422, 0), 2.0
(31, 328, 0), 1.0
(33, 221, 0), 1.0
(33, 222, 0), 1.0
(34, 468, 0), 1.0
(35, 419, 0), 1.0
(37, 303, 0), 1.0
(37, 306, 0), 2.0
(38, 364, 0), 1.0
(38, 509, 0), 2.0
(39, 129, 0), 1.5
(41, 437, 0), 2.0
(42, 255, 0), 4.0
(48, 410, 0), 2.0
(49, 268, 0), 2.0
(51, 373, 0), 2.0
(55, 349, 0), 2.0
(57, 115, 0), 2.0
(57, 184, 0), 1.0
(58, 124, 0), 1.0
(61, 340, 0), 2.0
(62, 331, 0), 1.0
(62, 430, 0), 1.0
(63, 114, 0), 1.0
(63, 331, 0), 4.0
(65, 22, 0), 1.0
(66, 131, 0), 3.0
(71, 361, 0), 2.0
(71, 489, 0), 2.0
(72, 181, 0), 3.0
(74, 401, 0), 1.0
(76, 327, 0), 1.0
(76, 333, 0), 1.0
(77, 326, 0), 2.0
(79, 119, 0), 1.0
(81, 395, 0), 3.0
(84, 396, 0), 1.0
(85, 369, 0), 4.0
(87, 141, 0), 3.0
(88, 484, 0), 1.0
(89, 325, 0), 2.0
(89, 391, 0), 4.0
(90, 436, 0), 1.0
(92, 497, 0), 1.0
(93, 71, 0), 2.0
(93, 146, 0), 1.0
(95, 309, 0), 2.0
(96, 499, 0), 2.0
(97, 290, 0), 2.0
(99, 408, 0), 2.0
(103, 510, 0), 2.0
(104, 82, 0), 1.0
(104, 91, 0), 1.0
(106, 438, 0), 4.0
(107, 203, 0), 1.0
(110, 195, 0), 4.0
(111, 121, 0), 3.0
(112, 3, 0), 2.0
(114, 79, 0), 3.0
(118, 219, 0), 3.0
(119, 320, 0), 1.0
(119, 473, 0), 1.0
(120, 316, 0), 1.0
(122, 130, 0), 2.0
(122, 472, 0), 1.0
(123, 433, 0), 2.0
(125, 305, 0), 3.0
(126, 298, 0), 4.0
(127, 496, 0), 4.0
(128, 53, 0), 1.0
(128, 483, 0), 1.0
(130, 355, 0), 1.0
(131, 89, 0), 1.0
(133, 92, 0), 1.0
(133, 101, 0), 2.0
(136, 360, 0), 1.0
(139, 125, 0), 2.0
(141, 244, 0), 2.0
(141, 437, 0), 1.0
(142, 121, 0), 1.0
(143, 200, 0), 2.0
(144, 307, 0), 1.0
(146, 427, 0), 1.0
(147, 275, 0), 4.0
(149, 226, 0), 1.0
(149, 462, 0), 4.0
(150, 161, 0), 4.0
(150, 260, 0), 1.0
(151, 491, 0), 1.0
(152, 367, 0), 2.0
(153, 384, 0), 1.0
(155, 495, 0), 1.0
(157, 285, 0), 1.0
(157, 409, 0), 2.0
(158, 114, 0), 2.0
(158, 201, 0), 1.0
(159, 318, 0), 1.0
(159, 372, 0), 1.0
(162, 369, 0), 1.0
(165, 417, 0), 1.0
(166, 342, 0), 1.0
(167, 242, 0), 1.5
(172, 21, 0), 1.0
(173, 98, 0), 4.0
(174, 25, 0), 1.0
(176, 21, 0), 1.0
(176, 85, 0), 1.0
(177, 169, 0), 1.5
(177, 248, 0), 1.0
(179, 35, 0), 4.0
(181, 353, 0), 2.0
(182, 357, 0), 1.5
(183, 425, 0), 1.0
(184, 135, 0), 1.0
(184, 299, 0), 1.0
(185, 44, 0), 1.0
(188, 253, 0), 4.0
(189, 428, 0), 1.0
(195, 249, 0), 2.0
(199, 373, 0), 1.0
(201, 48, 0), 2.0
(202, 492, 0), 3.0
(205, 241, 0), 3.0
(206, 480, 0), 1.5
(208, 486, 0), 1.0
(209, 269, 0), 1.0
(212, 69, 0), 4.0
(215, 97, 0), 1.0
(215, 129, 0), 1.0
(216, 426, 0), 1.0
(217, 212, 0), 3.0
(218, 507, 0), 1.0
(219, 217, 0), 1.0
(220, 67, 0), 1.0
(221, 485, 0), 2.0
(222, 31, 0), 1.0
(222, 454, 0), 1.0
(225, 175, 0), 2.0
(226, 190, 0), 3.0
(227, 105, 0), 2.0
(228, 420, 0), 1.0
(231, 353, 0), 2.0
(234, 254, 0), 1.0
(235, 276, 0), 2.0
(236, 62, 0), 3.0
(237, 183, 0), 1.0
(238, 130, 0), 4.0
(240, 358, 0), 3.0
(240, 464, 0), 4.0
(241, 7, 0), 1.0
(242, 13, 0), 1.0
(242, 176, 0), 4.0
(244, 109, 0), 3.0
(244, 192, 0), 2.0
(246, 459, 0), 3.0
(246, 499, 0), 2.0
(248, 344, 0), 1.0
(249, 451, 0), 1.0
(250, 294, 0), 4.0
(251, 23, 0), 1.5
(251, 505, 0), 1.0
(254, 419, 0), 1.0
(255, 190, 0), 1.0
(256, 126, 0), 4.0
(257, 157, 0), 1.0
(260, 164, 0), 2.0
(263, 81, 0), 3.0
(265, 193, 0), 1.5
(266, 196, 0), 2.0
(266, 466, 0), 2.0
(267, 332, 0), 2.0
(271, 124, 0), 1.0
(274, 222, 0), 1.0
(278, 174, 0), 1.0
(278, 474, 0), 4.0
(282, 32, 0), 2.0
(283, 10, 0), 2.0
(285, 402, 0), 3.0
(286, 24, 0), 1.0
(287, 347, 0), 1.0
(288, 111, 0), 1.0
(290, 311, 0), 1.0
(292, 501, 0), 1.0
(293, 50, 0), 2.0
(294, 149, 0), 1.0
(295, 169, 0), 1.0
(297, 196, 0), 3.0
(297, 388, 0), 1.0
(299, 293, 0), 3.0
(300, 214, 0), 4.0
(300, 333, 0), 1.0
(301, 458, 0), 1.0
(302, 378, 0), 1.0
(304, 328, 0), 1.0
(305, 40, 0), 4.0
(305, 508, 0), 4.0
(306, 107, 0), 1.5
(310, 284, 0), 3.0
(313, 354, 0), 1.0
(316, 346, 0), 2.0
(317, 72, 0), 1.0
(320, 403, 0), 2.0
(324, 330, 0), 1.0
(325, 483, 0), 3.0
(326, 442, 0), 3.0
(328, 474, 0), 1.0
(331, 465, 0), 1.0
(333, 28, 0), 4.0
(335, 108, 0), 2.0
(336, 19, 0), 4.0
(337, 2, 0), 2.0
(338, 53, 0), 2.0
(338, 460, 0), 2.0
(339, 297, 0), 1.0
(343, 194, 0), 1.0
(343, 307, 0), 1.0
(346, 374, 0), 4.0
(348, 86, 0), 2.0
(349, 238, 0), 2.0
(350, 501, 0), 1.0
(353, 0, 0), 1.0
(354, 237, 0), 1.0
(355, 155, 0), 3.0
(356, 319, 0), 2.0
(357, 81, 0), 1.0
(361, 146, 0), 1.0
(362, 299, 0), 4.0
(365, 58, 0), 3.0
(366, 335, 0), 1.0
(366, 497, 0), 4.0
(369, 222, 0), 1.0
(370, 472, 0), 4.0
(371, 219, 0), 1.0
(372, 480, 0), 1.0
(375, 142, 0), 2.0
(378, 198, 0), 1.0
(379, 347, 0), 1.0
(382, 151, 0), 1.0
(383, 295, 0), 4.0
(385, 382, 0), 4.0
(385, 445, 0), 1.0
(387, 55, 0), 1.0
(387, 490, 0), 4.0
(388, 188, 0), 2.0
(391, 412, 0), 2.0
(392, 241, 0), 1.0
(395, 87, 0), 1.5
(395, 148, 0), 1.0
(397, 319, 0), 4.0
(398, 56, 0), 2.0
(401, 415, 0), 1.0
(402, 280, 0), 2.0
(402, 287, 0), 2.0
(404, 106, 0), 3.0
(407, 325, 0), 1.0
(407, 494, 0), 2.0
(409, 33, 0), 2.0
(410, 295, 0), 1.0
(411, 168, 0), 1.0
(412, 256, 0), 1.0
(412, 411, 0), 4.0
(413, 20, 0), 1.0
(414, 313, 0), 2.0
(416, 78, 0), 4.0
(418, 335, 0), 1.0
(419, 323, 0), 1.0
(419, 477, 0), 1.0
(420, 258, 0), 4.0
(421, 103, 0), 1.0
(421, 108, 0), 1.0
(421, 232, 0), 1.0
(422, 165, 0), 1.0
(422, 453, 0), 2.0
(423, 36, 0), 3.0
(423, 242, 0), 2.0
(424, 204, 0), 2.0
(426, 311, 0), 3.0
(427, 502, 0), 1.0
(428, 217, 0), 1.0
(430, 235, 0), 1.0
(432, 105, 0), 1.0
(433, 350, 0), 2.0
(433, 481, 0), 1.0
(436, 410, 0), 1.0
(437, 361, 0), 1.0
(439, 366, 0), 1.0
(439, 452, 0), 1.0
(442, 258, 0), 2.0
(443, 251, 0), 1.0
(445, 236, 0), 1.0
(447, 444, 0), 1.0
(450, 353, 0), 1.0
(452, 263, 0), 1.0
(452, 418, 0), 1.0
(453, 206, 0), 2.0
(453, 315, 0), 1.0
(455, 263, 0), 2.0
(456, 38, 0), 1.0
(456, 74, 0), 1.0
(459, 94, 0), 3.0
(459, 435, 0), 2.0
(460, 374, 0), 2.0
(460, 483, 0), 1.0
(463, 197, 0), 1.0
(466, 5, 0), 1.0
(467, 337, 0), 1.0
(468, 476, 0), 1.5
(469, 210, 0), 1.0
(471, 296, 0), 1.5
(471, 352, 0), 1.0
(472, 42, 0), 3.0
(473, 238, 0), 1.0
(473, 486, 0), 3.0
(475, 224, 0), 2.0
(475, 501, 0), 1.0
(476, 332, 0), 1.0
(477, 99, 0), 1.0
(478, 456, 0), 1.5
(480, 285, 0), 1.0
(481, 324, 0), 2.0
(482, 287, 0), 2.0
(483, 26, 0), 4.0
(484, 36, 0), 2.0
(485, 274, 0), 3.0
(486, 163, 0), 1.0
(486, 283, 0), 4.0
(489, 22, 0), 3.0
(492, 316, 0), 1.0
(494, 309, 0), 1.0
(495, 42, 0), 1.0
(497, 463, 0), 1.5
(498, 11, 0), 1.0
(499, 417, 0), 2.0
(500, 120, 0), 3.0
(502, 106, 0), 1.0
(504, 337, 0), 1.0
(505, 266, 0), 1.0
(506, 457, 0), 2.0
(507, 14, 0), 1.0
(508, 78, 0), 1.0
(508, 482, 0), 1.5
(509, 150, 0), 2.0
(509, 309, 0), 1.0
(511, 188, 0), 3.0
(0, 72, 0), 3.0
(0, 187, 0), 1.0
(3, 162, 0), 3.0
(3, 278, 0), 2.0
(5, 318, 0), 1.0
(6, 66, 0), 1.0
(8, 161, 0), 1.0
(11, 150, 0), 3.0
(14, 153, 0), 1.0
(14, 265, 0), 1.0
(20, 179, 0), 1.0
(20, 259, 0), 1.0
(22, 131, 0), 1.0
(23, 261, 0), 2.0
(24, 136, 0), 3.0
(26, 84, 0), 1.0
(28, 326, 0), 2.0
(30, 59, 0), 1.0
(33, 454, 0), 2.0
(34, 170, 0), 1.0
(37, 208, 0), 1.0
(38, 366, 0), 1.0
(39, 269, 0), 2.0
(39, 453, 0), 1.0
(48, 247, 0), 2.0
(49, 364, 0), 2.0
(53, 38, 0), 2.0
(53, 74, 0), 1.0
(55, 195, 0), 2.0
(56, 216, 0), 1.0
(59, 394, 0), 2.0
(63, 387, 0), 2.0
(65, 73, 0), 1.0
(66, 186, 0), 1.0
(67, 220, 0), 1.0
(67, 401, 0), 1.0
(68, 223, 0), 1.0
(68, 449, 0), 1.0
(69, 428, 0), 3.0
(70, 257, 0), 1.0
(70, 300, 0), 1.0
(73, 416, 0), 1.0
(73, 417, 0), 2.0
(74, 306, 0), 1.0
(76, 286, 0), 2.0
(78, 125, 0), 1.0
(79, 1, 0), 1.0
(80, 367, 0), 1.0
(83, 273, 0), 3.0
(86, 442, 0), 1.0
(87, 400, 0), 3.0
(88, 172, 0), 3.0
(91, 397, 0), 1.0
(92, 401, 0), 1.0
(93, 251, 0), 1.0
(96, 10, 0), 1.0
(98, 50, 0), 2.0
(101, 148, 0), 3.0
(104, 8, 0), 2.0
(105, 240, 0), 2.0
(105, 304, 0), 1.0
(107, 355, 0), 1.0
(108, 194, 0), 3.0
(110, 490, 0), 2.0
(113, 29, 0), 3.0
(114, 387, 0), 1.0
(115, 327, 0), 1.0
(115, 445, 0), 1.0
(117, 383, 0), 2.0
(119, 54, 0), 1.0
(120, 396, 0), 3.0
(121, 24, 0), 3.0
(122, 238, 0), 3.0
(125, 361, 0), 3.0
(127, 374, 0), 1.0
(128, 38, 0), 3.0
(128, 478, 0), 1.0
(129, 30, 0), 3.0
(130, 205, 0), 2.0
(130, 472, 0), 1.0
(132, 42, 0), 1.0
(133, 232, 0), 1.0
(134, 22, 0), 1.0
(136, 145, 0), 3.0
(136, 314, 0), 3.0
(138, 235, 0), 1.0
(139, 90, 0), 2.0
(140, 16, 0), 1.0
(142, 111, 0), 1.0
(142, 314, 0), 2.0
(145, 384, 0), 3.0
(145, 467, 0), 2.0
(148, 328, 0), 1.0
(149, 451, 0), 2.0
(150, 264, 0), 1.0
(151, 0, 0), 1.0
(151, 372, 0), 3.0
(153, 138, 0), 2.0
(155, 250, 0), 1.0
(157, 215, 0), 2.0
(158, 7, 0), 1.0
(159, 143, 0), 1.0
(159, 285, 0), 2.0
(160, 320, 0), 1.0
(160, 385, 0), 1.0
(161, 156, 0), 1.0
(162, 333, 0), 1.0
(164, 441, 0), 1.0
(166, 452, 0), 1.0
(167, 365, 0), 1.0
(168, 83, 0), 2.0
(168, 325, 0), 3.0
(170, 86, 0), 1.0
(172, 137, 0), 3.0
(172, 147, 0), 3.0
(175, 224, 0), 1.0
(176, 406, 0), 1.0
(181, 493, 0), 1.0
(183, 100, 0), 1.0
(186, 347, 0), 3.0
(186, 360, 0), 1.0
(189, 289, 0), 1.0
(190, 227, 0), 1.0
(191, 51, 0), 1.0
(194, 421, 0), 1.0
(195, 226, 0), 1.0
(197, 81, 0), 1.0
(199, 459, 0), 1.0
(200, 69, 0), 2.0
(203, 316, 0), 1.0
(204, 215, 0), 3.0
(206, 293, 0), 1.0
(207, 176, 0), 2.0
(207, 423, 0), 3.0
(208, 507, 0), 3.0
(209, 19, 0), 3.0
(209, 320, 0), 2.0
(210, 328, 0), 1.0
(213, 15, 0), 1.0
(214, 28, 0), 2.0
(214, 447, 0), 1.0
(215, 480, 0), 1.0
(218, 198, 0), 2.0
(218, 486, 0), 1.0
(220, 378, 0), 1.0
(223, 335, 0), 2.0
(224, 455, 0), 1.0
(225, 230, 0), 1.0
(227, 349, 0), 1.0
(228, 162, 0), 1.0
(228, 470, 0), 2.0
(229, 496, 0), 1.0
(232, 67, 0), 1.0
(234, 146, 0), 1.0
(234, 302, 0), 1.0
(235, 191, 0), 1.0
(242, 365, 0), 3.0
(245, 384, 0), 2.0
(245, 467, 0), 1.0
(247, 392, 0), 3.0
(248, 390, 0), 1.0
(250, 42, 0), 1.0
(252, 52, 0), 1.0
(253, 226, 0), 3.0
(253, 498, 0), 1.0
(254, 160, 0), 1.0
(254, 234, 0), 2.0
(255, 149, 0), 2.0
(257, 285, 0), 1.0
(257, 447, 0), 1.0
(258, 214, 0), 1.0
(258, 362, 0), 1.0
(259, 398, 0), 1.0
(261, 511, 0), 3.0
(268, 288, 0), 3.0
(269, 310, 0), 1.0
(270, 297, 0), 1.0
(274, 210, 0), 1.0
(275, 488, 0), 3.0
(276, 275, 0), 1.0
(278, 25, 0), 2.0
(282, 134, 0), 1.0
(284, 446, 0), 1.0
(285, 157, 0), 1.0
(286, 139, 0), 1.0
(286, 367, 0), 1.0
(287, 43, 0), 2.0
(288, 439, 0), 3.0
(290, 2, 0), 3.0
(290, 209, 0), 3.0
(292, 407, 0), 1.0
(294, 158, 0), 1.0
(299, 57, 0), 3.0
(300, 76, 0), 1.0
(302, 503, 0), 2.0
(304, 352, 0), 1.0
(305, 502, 0), 1.0
(307, 227, 0), 1.0
(308, 17, 0), 3.0
(308, 242, 0), 1.0
(309, 434, 0), 2.0
(312, 139, 0), 1.0
(312, 399, 0), 3.0
(314, 99, 0), 1.0
(318, 372, 0), 1.0
(320, 429, 0), 1.0
(322, 53, 0), 3.0
(326, 475, 0), 1.0
(328, 304, 0), 1.0
(330, 165, 0), 1.0
(331, 119, 0), 1.0
(331, 484, 0), 1.0
(333, 76, 0), 3.0
(335, 418, 0), 3.0
(339, 217, 0), 1.0
(341, 97, 0), 1.0
(343, 144, 0), 3.0
(344, 487, 0), 3.0
(347, 373, 0), 2.0
(348, 508, 0), 2.0
(349, 429, 0), 3.0
(350, 45, 0), 1.0
(350, 292, 0), 1.0
(351, 233, 0), 1.0
(351, 253, 0), 1.0
(351, 498, 0), 1.0
(352, 471, 0), 1.0
(353, 93, 0), 3.0
(354, 476, 0), 3.0
(357, 335, 0), 1.0
(358, 378, 0), 1.0
(359, 193, 0), 1.0
(363, 433, 0), 1.0
(363, 481, 0), 1.0
(363, 506, 0), 1.0
(366, 511, 0), 1.0
(369, 184, 0), 1.0
(369, 420, 0), 3.0
(372, 30, 0), 3.0
(373, 6, 0), 3.0
(374, 203, 0), 1.0
(374, 303, 0), 1.0
(376, 322, 0), 1.0
(377, 132, 0), 1.0
(378, 213, 0), 3.0
(380, 110, 0), 3.0
(381, 283, 0), 1.0
(381, 330, 0), 1.0
(382, 44, 0), 2.0
(384, 14, 0), 3.0
(384, 15, 0), 1.0
(385, 55, 0), 3.0
(387, 403, 0), 1.0
(389, 327, 0), 2.0
(391, 56, 0), 1.0
(392, 169, 0), 2.0
(393, 140, 0), 2.0
(394, 231, 0), 1.0
(395, 92, 0), 3.0
(400, 321, 0), 2.0
(401, 211, 0), 1.0
(403, 465, 0), 1.0
(404, 244, 0), 2.0
(405, 351, 0), 2.0
(406, 126, 0), 1.0
(406, 172, 0), 1.0
(407, 483, 0), 1.0
(411, 325, 0), 1.0
(413, 89, 0), 3.0
(417, 231, 0), 1.0
(417, 353, 0), 1.0
(418, 463, 0), 1.0
(419, 99, 0), 1.0
(419, 234, 0), 1.0
(420, 222, 0), 3.0
(421, 220, 0), 3.0
(424, 157, 0), 1.0
(425, 339, 0), 2.0
(428, 68, 0), 3.0
(429, 254, 0), 2.0
(430, 156, 0), 3.0
(431, 202, 0), 1.0
(431, 248, 0), 3.0
(432, 370, 0), 2.0
(436, 282, 0), 2.0
(438, 77, 0), 2.0
(438, 121, 0), 3.0
(440, 248, 0), 1.0
(441, 377, 0), 1.0
(442, 470, 0), 1.0
(444, 180, 0), 1.0
(446, 280, 0), 3.0
(447, 409, 0), 2.0
(448, 229, 0), 1.0
(449, 251, 0), 3.0
(451, 174, 0), 2.0
(452, 404, 0), 3.0
(452, 463, 0), 1.0
(453, 341, 0), 2.0
(454, 210, 0), 2.0
(454, 474, 0), 1.0
(456, 366, 0), 3.0
(456, 452, 0), 3.0
(457, 483, 0), 1.0
(460, 91, 0), 1.0
(463, 92, 0), 1.0
(464, 198, 0), 1.0
(465, 110, 0), 3.0
(465, 389, 0), 3.0
(466, 195, 0), 2.0
(467, 356, 0), 1.0
(467, 504, 0), 2.0
(470, 339, 0), 2.0
(470, 454, 0), 2.0
(471, 144, 0), 1.0
(474, 420, 0), 3.0
(475, 292, 0), 1.0
(477, 245, 0), 1.0
(478, 411, 0), 1.0
(480, 372, 0), 1.0
(482, 32, 0), 1.0
(484, 465, 0), 2.0
(486, 171, 0), 2.0
(487, 246, 0), 3.0
(488, 236, 0), 1.0
(489, 305, 0), 3.0
(490, 190, 0), 2.0
(491, 440, 0), 1.0
(492, 363, 0), 3.0
(493, 182, 0), 3.0
(494, 128, 0), 1.0
(495, 58, 0), 2.0
(495, 458, 0), 2.0
(497, 401, 0), 1.0
(499, 381, 0), 1.0
(501, 26, 0), 1.0
(501, 45, 0), 1.0
(502, 40, 0), 1.0
(502, 263, 0), 1.0
(504, 381, 0), 3.0
(507, 245, 0), 1.0
(509, 359, 0), 3.0
(0, 503, 0), 2.0
(3, 333, 0), 2.0
(6, 131, 0), 1.0
(6, 186, 0), 1.0
(7, 392, 0), 1.0
(8, 264, 0), 1.0
(9, 206, 0), 2.0
(14, 37, 0), 2.0
(17, 242, 0), 2.0
(18, 134, 0), 1.0
(18, 340, 0), 1.0
(20, 97, 0), 2.0
(20, 368, 0), 1.0
(22, 123, 0), 1.0
(26, 127, 0), 1.0
(26, 492, 0), 1.0
(28, 455, 0), 1.0
(30, 96, 0), 2.0
(30, 453, 0), 1.0
(31, 133, 0), 1.0
(32, 214, 0), 1.0
(32, 386, 0), 1.0
(34, 219, 0), 1.0
(35, 413, 0), 2.0
(37, 74, 0), 2.0
(41, 231, 0), 1.0
(44, 57, 0), 1.0
(45, 18, 0), 1.0
(47, 53, 0), 2.0
(51, 334, 0), 1.0
(52, 276, 0), 1.0
(52, 412, 0), 1.0
(56, 412, 0), 2.0
(57, 98, 0), 2.0
(57, 369, 0), 2.0
(58, 290, 0), 1.0
(59, 422, 0), 1.0
(60, 17, 0), 1.0
(62, 465, 0), 2.0
(64, 192, 0), 2.0
(65, 199, 0), 2.0
(66, 56, 0), 1.0
(67, 74, 0), 2.0
(67, 265, 0), 2.0
(68, 189, 0), 1.0
(68, 510, 0), 1.0
(69, 75, 0), 2.0
(70, 57, 0), 2.0
(71, 125, 0), 2.0
(72, 317, 0), 2.0
(73, 489, 0), 1.0
(74, 262, 0), 2.0
(74, 303, 0), 1.0
(75, 73, 0), 2.0
(76, 438, 0), 1.0
(77, 162, 0), 2.0
(77, 333, 0), 2.0
(77, 439, 0), 1.0
(78, 505, 0), 2.0
(79, 169, 0), 1.0
(82, 91, 0), 2.0
(83, 303, 0), 1.0
(84, 492, 0), 2.0
(86, 409, 0), 1.0
(88, 336, 0), 1.0
(89, 483, 0), 2.0
(91, 448, 0), 1.0
(93, 90, 0), 2.0
(93, 312, 0), 2.0
(93, 323, 0), 1.0
(94, 68, 0), 1.0
(94, 82, 0), 1.0
(95, 8, 0), 2.0
(95, 164, 0), 1.0
(97, 113, 0), 1.0
(98, 385, 0), 1.0
(99, 404, 0), 2.0
(101, 432, 0), 1.0
(102, 176, 0), 1.0
(103, 181, 0), 1.0
(103, 335, 0), 1.0
(105, 232, 0), 1.0
(106, 427, 0), 1.0
(107, 238, 0), 2.0
(109, 99, 0), 2.0
(112, 21, 0), 2.0
(112, 327, 0), 1.0
(115, 85, 0), 2.0
(116, 371, 0), 1.0
(118, 217, 0), 1.0
(119, 280, 0), 1.0
(119, 331, 0), 2.0
(122, 105, 0), 1.0
(128, 325, 0), 1.0
(129, 257, 0), 2.0
(131, 22, 0), 1.0
(132, 495, 0), 1.0
(133, 421, 0), 1.0
(134, 489, 0), 1.0
(135, 419, 0), 1.0
(137, 235, 0), 1.0
(138, 191, 0), 2.0
(138, 430, 0), 1.0
(141, 64, 0), 1.0
(141, 173, 0), 1.0
(142, 166, 0), 1.0
(143, 159, 0), 1.0
(144, 249, 0), 1.0
(144, 491, 0), 1.0
(146, 408, 0), 1.0
(148, 485, 0), 1.0
(150, 8, 0), 1.0
(152, 32, 0), 1.0
(152, 266, 0), 1.0
(154, 163, 0), 1.0
(158, 95, 0), 1.0
(159, 269, 0), 1.0
(160, 403, 0), 2.0
(161, 338, 0), 1.0
(161, 359, 0), 2.0
(162, 228, 0), 1.0
(163, 229, 0), 1.0
(164, 279, 0), 1.0
(169, 318, 0), 2.0
(169, 344, 0), 1.0
(170, 482, 0), 1.0
(171, 163, 0), 2.0
(174, 301, 0), 1.0
(177, 313, 0), 2.0
(177, 354, 0), 1.0
(180, 444, 0), 2.0
(181, 302, 0), 2.0
(181, 510, 0), 2.0
(182, 108, 0), 1.0
(183, 260, 0), 2.0
(183, 468, 0), 1.0
(184, 400, 0), 2.0
(185, 50, 0), 1.0
(189, 460, 0), 1.0
(191, 356, 0), 2.0
(192, 401, 0), 2.0
(193, 153, 0), 2.0
(195, 227, 0), 1.0
(195, 297, 0), 2.0
(196, 296, 0), 1.0
(197, 395, 0), 2.0
(197, 506, 0), 1.0
(199, 417, 0), 1.0
(199, 499, 0), 1.0
(200, 410, 0), 1.0
(201, 7, 0), 2.0
(204, 4, 0), 1.0
(212, 479, 0), 1.0
(215, 362, 0), 1.0
(217, 196, 0), 1.0
(219, 100, 0), 1.0
(219, 267, 0), 1.0
(221, 274, 0), 2.0
(222, 4, 0), 1.0
(222, 184, 0), 2.0
(224, 357, 0), 1.0
(224, 475, 0), 2.0
(226, 270, 0), 2.0
(227, 122, 0), 2.0
(227, 307, 0), 2.0
(228, 475, 0), 1.0
(229, 239, 0), 2.0
(229, 431, 0), 1.0
(230, 260, 0), 1.0
(231, 165, 0), 1.0
(232, 401, 0), 2.0
(232, 421, 0), 2.0
(233, 405, 0), 1.0
(234, 419, 0), 1.0
(235, 379, 0), 1.0
(238, 473, 0), 2.0
(241, 294, 0), 1.0
(243, 396, 0), 1.0
(244, 64, 0), 2.0
(245, 216, 0), 1.0
(246, 435, 0), 2.0
(249, 297, 0), 2.0
(249, 352, 0), 1.0
(251, 90, 0), 1.0
(251, 212, 0), 1.0
(252, 256, 0), 2.0
(253, 380, 0), 2.0
(257, 70, 0), 2.0
(258, 162, 0), 1.0
(259, 65, 0), 1.0
(260, 279, 0), 2.0
(260, 309, 0), 2.0
(263, 463, 0), 1.0
(265, 509, 0), 2.0
(266, 44, 0), 1.0
(266, 151, 0), 1.0
(267, 200, 0), 2.0
(269, 284, 0), 1.0
(270, 268, 0), 1.0
(270, 388, 0), 2.0
(271, 132, 0), 1.0
(273, 203, 0), 1.0
(274, 87, 0), 1.0
(276, 137, 0), 1.0
(277, 103, 0), 2.0
(277, 302, 0), 2.0
(280, 88, 0), 1.0
(280, 235, 0), 1.0
(281, 16, 0), 1.0
(282, 416, 0), 1.0
(283, 499, 0), 2.0
(284, 318, 0), 1.0
(286, 399, 0), 1.0
(286, 408, 0), 1.0
(288, 364, 0), 2.0
(290, 17, 0), 1.0
(293, 231, 0), 1.0
(294, 11, 0), 1.0
(294, 130, 0), 1.0
(295, 410, 0), 2.0
(297, 226, 0), 1.0
(298, 250, 0), 1.0
(300, 85, 0), 2.0
(301, 255, 0), 1.0
(302, 323, 0), 2.0
(307, 343, 0), 2.0
(307, 358, 0), 2.0
(308, 173, 0), 1.0
(311, 60, 0), 2.0
(311, 198, 0), 2.0
(314, 106, 0), 1.0
(314, 477, 0), 1.0
(315, 272, 0), 2.0
(316, 431, 0), 1.0
(317, 440, 0), 1.0
(318, 59, 0), 1.0
(319, 6, 0), 2.0
(320, 54, 0), 2.0
(320, 349, 0), 1.0
(323, 41, 0), 1.0
(323, 312, 0), 1.0
(328, 274, 0), 2.0
(329, 48, 0), 2.0
(330, 481, 0), 2.0
(331, 137, 0), 1.0
(336, 2, 0), 1.0
(337, 10, 0), 2.0
(338, 47, 0), 1.0
(338, 51, 0), 1.0
(340, 402, 0), 2.0
(341, 20, 0), 1.0
(341, 204, 0), 1.0
(342, 452, 0), 1.0
(344, 154, 0), 1.0
(345, 140, 0), 1.0
(349, 473, 0), 1.0
(351, 188, 0), 2.0
(351, 261, 0), 2.0
(352, 190, 0), 2.0
(354, 183, 0), 1.0
(358, 220, 0), 1.0
(359, 138, 0), 2.0
(363, 315, 0), 1.0
(364, 366, 0), 2.0
(366, 265, 0), 1.0
(367, 286, 0), 2.0
(369, 207, 0), 2.0
(370, 130, 0), 1.0
(374, 316, 0), 1.0
(375, 56, 0), 1.0
(375, 398, 0), 1.0
(376, 397, 0), 2.0
(378, 464, 0), 2.0
(379, 48, 0), 1.0
(380, 236, 0), 2.0
(381, 337, 0), 2.0
(384, 213, 0), 1.0
(387, 349, 0), 1.0
(388, 470, 0), 1.0
(389, 488, 0), 2.0
(391, 45, 0), 1.0
(391, 66, 0), 2.0
(392, 313, 0), 2.0
(393, 390, 0), 1.0
(394, 185, 0), 1.0
(397, 459, 0), 2.0
(398, 66, 0), 1.0
(398, 259, 0), 1.0
(399, 146, 0), 2.0
(401, 67, 0), 1.0
(402, 39, 0), 1.0
(402, 88, 0), 2.0
(403, 484, 0), 2.0
(406, 327, 0), 1.0
(407, 45, 0), 1.0
(407, 457, 0), 1.0
(408, 139, 0), 1.0
(408, 361, 0), 1.0
(409, 222, 0), 1.0
(409, 424, 0), 1.0
(410, 143, 0), 1.0
(410, 436, 0), 1.0
(414, 5, 0), 2.0
(415, 179, 0), 1.0
(416, 489, 0), 1.0
(417, 435, 0), 1.0
(418, 116, 0), 2.0
(418, 497, 0), 2.0
(419, 109, 0), 2.0
(421, 450, 0), 1.0
(422, 394, 0), 2.0
(424, 170, 0), 2.0
(427, 41, 0), 1.0
(427, 437, 0), 1.0
(429, 240, 0), 1.0
(430, 62, 0), 2.0
(433, 175, 0), 1.0
(433, 501, 0), 1.0
(434, 460, 0), 2.0
(435, 353, 0), 2.0
(437, 244, 0), 2.0
(439, 121, 0), 1.0
(444, 407, 0), 1.0
(445, 466, 0), 1.0
(448, 397, 0), 2.0
(450, 72, 0), 1.0
(452, 178, 0), 2.0
(454, 174, 0), 2.0
(455, 326, 0), 1.0
(457, 26, 0), 1.0
(459, 449, 0), 2.0
(461, 31, 0), 1.0
(462, 298, 0), 1.0
(463, 192, 0), 1.0
(464, 218, 0), 2.0
(467, 186, 0), 1.0
(468, 243, 0), 1.0
(475, 34, 0), 2.0
(476, 155, 0), 1.0
(479, 405, 0), 1.0
(480, 185, 0), 2.0
(482, 61, 0), 1.0
(484, 406, 0), 2.0
(485, 328, 0), 2.0
(488, 24, 0), 1.0
(488, 360, 0), 1.0
(491, 281, 0), 1.0
(493, 510, 0), 2.0
(497, 67, 0), 2.0
(499, 422, 0), 2.0
(499, 453, 0), 2.0
(501, 350, 0), 1.0
(502, 175, 0), 2.0
(503, 234, 0), 2.0
(504, 426, 0), 2.0
(505, 212, 0), 2.0
(506, 127, 0), 1.0
(506, 433, 0), 2.0
(508, 214, 0), 1.0
(508, 287, 0), 1.0
(510, 223, 0), 2.0
(2, 269, 0), 1.0
(5, 479, 0), 1.0
(6, 467, 0), 1.0
(7, 247, 0), 1.0
(7, 332, 0), 1.0
(8, 309, 0), 1.0
(9, 84, 0), 1.0
(10, 284, 0), 1.0
(10, 453, 0), 1.0
(12, 64, 0), 1.0
(18, 66, 0), 1.0
(19, 88, 0), 1.0
(20, 341, 0), 1.0
(22, 45, 0), 1.0
(23, 443, 0), 1.0
(25, 278, 0), 1.0
(26, 155, 0), 1.0
(26, 202, 0), 1.0
(30, 394, 0), 1.0
(31, 108, 0), 1.0
(31, 140, 0), 1.0
(32, 129, 0), 1.0
(33, 210, 0), 1.0
(34, 33, 0), 1.0
(34, 442, 0), 1.0
(38, 83, 0), 1.0
(38, 303, 0), 1.0
(40, 77, 0), 1.0
(40, 502, 0), 1.0
(41, 427, 0), 1.0
(43, 134, 0), 1.0
(44, 70, 0), 1.0
(45, 180, 0), 1.0
(47, 191, 0), 1.0
(48, 379, 0), 1.0
(48, 436, 0), 1.0
(51, 156, 0), 1.0
(51, 356, 0), 1.0
(52, 137, 0), 1.0
(54, 337, 0), 1.0
(55, 490, 0), 1.0
(56, 142, 0), 1.0
(59, 16, 0), 1.0
(59, 344, 0), 1.0
(60, 308, 0), 1.0
(66, 398, 0), 1.0
(68, 219, 0), 1.0
(70, 299, 0), 1.0
(71, 93, 0), 1.0
(73, 373, 0), 1.0
(75, 48, 0), 1.0
(76, 24, 0), 1.0
(76, 408, 0), 1.0
(78, 139, 0), 1.0
(79, 318, 0), 1.0
(81, 315, 0), 1.0
(81, 437, 0), 1.0
(84, 324, 0), 1.0
(85, 3, 0), 1.0
(87, 64, 0), 1.0
(90, 73, 0), 1.0
(91, 374, 0), 1.0
(92, 421, 0), 1.0
(96, 154, 0), 1.0
(96, 284, 0), 1.0
(97, 396, 0), 1.0
(98, 423, 0), 1.0
(100, 434, 0), 1.0
(101, 255, 0), 1.0
(102, 441, 0), 1.0
(103, 223, 0), 1.0
(104, 51, 0), 1.0
(107, 105, 0), 1.0
(113, 13, 0), 1.0
(114, 205, 0), 1.0
(116, 511, 0), 1.0
(117, 354, 0), 1.0
(118, 351, 0), 1.0
(119, 446, 0), 1.0
(122, 240, 0), 1.0
(123, 305, 0), 1.0
(123, 457, 0), 1.0
(124, 58, 0), 1.0
(125, 489, 0), 1.0
(128, 91, 0), 1.0
(130, 1, 0), 1.0
(133, 16, 0), 1.0
(133, 352, 0), 1.0
(134, 287, 0), 1.0
(134, 416, 0), 1.0
(135, 41, 0), 1.0
(135, 109, 0), 1.0
(137, 276, 0), 1.0
(137, 465, 0), 1.0
(139, 386, 0), 1.0
(139, 489, 0), 1.0
(140, 328, 0), 1.0
(140, 345, 0), 1.0
(141, 135, 0), 1.0
(142, 291, 0), 1.0
(142, 438, 0), 1.0
(143, 32, 0), 1.0
(143, 446, 0), 1.0
(144, 16, 0), 1.0
(144, 296, 0), 1.0
(146, 71, 0), 1.0
(148, 92, 0), 1.0
(148, 451, 0), 1.0
(149, 25, 0), 1.0
(150, 201, 0), 1.0
(152, 410, 0), 1.0
(154, 248, 0), 1.0
(154, 487, 0), 1.0
(155, 124, 0), 1.0
(156, 338, 0), 1.0
(157, 336, 0), 1.0
(158, 130, 0), 1.0
(159, 32, 0), 1.0
(161, 380, 0), 1.0
(162, 326, 0), 1.0
(162, 442, 0), 1.0
(163, 203, 0), 1.0
(163, 448, 0), 1.0
(165, 231, 0), 1.0
(165, 481, 0), 1.0
(168, 415, 0), 1.0
(170, 425, 0), 1.0
(173, 160, 0), 1.0
(174, 474, 0), 1.0
(175, 116, 0), 1.0
(175, 357, 0), 1.0
(176, 327, 0), 1.0
(178, 263, 0), 1.0
(178, 439, 0), 1.0
(179, 458, 0), 1.0
(182, 461, 0), 1.0
(183, 377, 0), 1.0
(184, 12, 0), 1.0
(185, 187, 0), 1.0
(186, 276, 0), 1.0
(187, 343, 0), 1.0
(187, 503, 0), 1.0
(189, 94, 0), 1.0
(190, 11, 0), 1.0
(190, 149, 0), 1.0
(194, 67, 0), 1.0
(194, 220, 0), 1.0
(196, 249, 0), 1.0
(199, 435, 0), 1.0
(203, 370, 0), 1.0
(204, 362, 0), 1.0
(205, 392, 0), 1.0
(206, 362, 0), 1.0
(207, 242, 0), 1.0
(210, 117, 0), 1.0
(212, 217, 0), 1.0
(213, 153, 0), 1.0
(215, 257, 0), 1.0
(216, 56, 0), 1.0
(216, 504, 0), 1.0
(217, 351, 0), 1.0
(217, 405, 0), 1.0
(218, 473, 0), 1.0
(219, 230, 0), 1.0
(219, 289, 0), 1.0
(220, 37, 0), 1.0
(220, 277, 0), 1.0
(225, 357, 0), 1.0
(228, 388, 0), 1.0
(229, 316, 0), 1.0
(230, 100, 0), 1.0
(230, 425, 0), 1.0
(234, 135, 0), 1.0
(234, 323, 0), 1.0
(235, 62, 0), 1.0
(235, 280, 0), 1.0
(236, 15, 0), 1.0
(236, 360, 0), 1.0
(237, 221, 0), 1.0
(241, 95, 0), 1.0
(241, 205, 0), 1.0
(243, 468, 0), 1.0
(244, 211, 0), 1.0
(245, 218, 0), 1.0
(246, 422, 0), 1.0
(247, 200, 0), 1.0
(248, 281, 0), 1.0
(248, 440, 0), 1.0
(254, 50, 0), 1.0
(255, 472, 0), 1.0
(257, 152, 0), 1.0
(258, 28, 0), 1.0
(258, 86, 0), 1.0
(259, 20, 0), 1.0
(263, 455, 0), 1.0
(266, 382, 0), 1.0
(269, 88, 0), 1.0
(269, 331, 0), 1.0
(270, 25, 0), 1.0
(271, 101, 0), 1.0
(272, 427, 0), 1.0
(273, 124, 0), 1.0
(274, 184, 0), 1.0
(274, 485, 0), 1.0
(276, 56, 0), 1.0
(278, 268, 0), 1.0
(279, 29, 0), 1.0
(280, 159, 0), 1.0
(281, 59, 0), 1.0
(283, 1, 0), 1.0
(284, 119, 0), 1.0
(284, 143, 0), 1.0
(285, 214, 0), 1.0
(287, 139, 0), 1.0
(289, 104, 0), 1.0
(295, 491, 0), 1.0
(296, 196, 0), 1.0
(297, 190, 0), 1.0
(297, 253, 0), 1.0
(298, 42, 0), 1.0
(301, 64, 0), 1.0
(304, 190, 0), 1.0
(306, 208, 0), 1.0
(309, 82, 0), 1.0
(309, 494, 0), 1.0
(310, 2, 0), 1.0
(310, 54, 0), 1.0
(312, 23, 0), 1.0
(314, 438, 0), 1.0
(315, 9, 0), 1.0
(316, 26, 0), 1.0
(316, 203, 0), 1.0
(317, 344, 0), 1.0
(317, 493, 0), 1.0
(318, 392, 0), 1.0
(323, 378, 0), 1.0
(324, 481, 0), 1.0
(325, 128, 0), 1.0
(326, 34, 0), 1.0
(326, 350, 0), 1.0
(327, 369, 0), 1.0
(328, 321, 0), 1.0
(331, 235, 0), 1.0
(334, 459, 0), 1.0
(335, 193, 0), 1.0
(337, 20, 0), 1.0
(339, 219, 0), 1.0
(341, 330, 0), 1.0
(344, 440, 0), 1.0
(345, 127, 0), 1.0
(346, 38, 0), 1.0
(347, 412, 0), 1.0
(348, 444, 0), 1.0
(349, 320, 0), 1.0
(352, 227, 0), 1.0
(355, 431, 0), 1.0
(356, 329, 0), 1.0
(356, 379, 0), 1.0
(357, 371, 0), 1.0
(360, 430, 0), 1.0
(361, 40, 0), 1.0
(361, 455, 0), 1.0
(363, 501, 0), 1.0
(364, 509, 0), 1.0
(365, 336, 0), 1.0
(365, 495, 0), 1.0
(366, 178, 0), 1.0
(368, 259, 0), 1.0
(368, 290, 0), 1.0
(370, 432, 0), 1.0
(371, 118, 0), 1.0
(371, 261, 0), 1.0
(377, 250, 0), 1.0
(377, 476, 0), 1.0
(379, 186, 0), 1.0
(379, 282, 0), 1.0
(381, 486, 0), 1.0
(383, 196, 0), 1.0
(386, 76, 0), 1.0
(387, 331, 0), 1.0
(388, 454, 0), 1.0
(389, 36, 0), 1.0
(390, 120, 0), 1.0
(391, 411, 0), 1.0
(392, 295, 0), 1.0
(394, 59, 0), 1.0
(396, 341, 0), 1.0
(398, 504, 0), 1.0
(400, 437, 0), 1.0
(401, 342, 0), 1.0
(403, 385, 0), 1.0
(404, 211, 0), 1.0
(405, 188, 0), 1.0
(405, 196, 0), 1.0
(407, 346, 0), 1.0
(408, 71, 0), 1.0
(409, 86, 0), 1.0
(411, 180, 0), 1.0
(412, 43, 0), 1.0
(415, 35, 0), 1.0
(417, 125, 0), 1.0
(417, 165, 0), 1.0
(424, 61, 0), 1.0
(426, 54, 0), 1.0
(427, 361, 0), 1.0
(428, 267, 0), 1.0
(429, 122, 0), 1.0
(432, 107, 0), 1.0
(433, 457, 0), 1.0
(436, 78, 0), 1.0
(436, 159, 0), 1.0
(437, 141, 0), 1.0
(439, 111, 0), 1.0
(439, 112, 0), 1.0
(441, 126, 0), 1.0
(442, 174, 0), 1.0
(442, 268, 0), 1.0
(443, 68, 0), 1.0
(443, 118, 0), 1.0
(444, 279, 0), 1.0
(445, 115, 0), 1.0
(445, 266, 0), 1.0
(446, 247, 0), 1.0
(447, 424, 0), 1.0
(450, 31, 0), 1.0
(451, 485, 0), 1.0
(453, 480, 0), 1.0
(454, 471, 0), 1.0
(457, 292, 0), 1.0
(457, 407, 0), 1.0
(458, 211, 0), 1.0
(459, 239, 0), 1.0
(460, 225, 0), 1.0
(461, 506, 0), 1.0
(462, 264, 0), 1.0
(463, 244, 0), 1.0
(466, 253, 0), 1.0
(466, 405, 0), 1.0
(469, 339, 0), 1.0
(470, 471, 0), 1.0
(471, 133, 0), 1.0
(472, 132, 0), 1.0
(473, 349, 0), 1.0
(475, 339, 0), 1.0
(478, 128, 0), 1.0
(479, 367, 0), 1.0
(480, 231, 0), 1.0
(482, 340, 0), 1.0
(482, 447, 0), 1.0
(488, 80, 0), 1.0
(490, 122, 0), 1.0
(495, 368, 0), 1.0
(496, 225, 0), 1.0
(498, 63, 0), 1.0
(498, 150, 0), 1.0
(500, 84, 0), 1.0
(501, 391, 0), 1.0
(502, 81, 0), 1.0
(506, 197, 0), 1.0
(507, 467, 0), 1.0
(508, 139, 0), 1.0
(509, 46, 0), 1.0
(510, 93, 0), 1.0
(511, 49, 0), 1.0
(511, 364, 0), 1.0
