Graph Construction, Shortest Path, Centrality
2.3339643478393555, 0.07124471664428711, 0.7218430042266846
2.776967763900757, 0.10120606422424316, 1.1943635940551758
2.7385127544403076, 0.09551525115966797, 0.9266953468322754
3.3429982662200928, 0.10066080093383789, 1.1934173107147217
2.808507204055786, 0.08174729347229004, 0.6261358261108398
3.0075266361236572, 0.07991981506347656, 0.6096529960632324
2.3122904300689697, 0.07616376876831055, 0.6396055221557617
2.5809929370880127, 0.08965897560119629, 0.8757472038269043
2.9360384941101074, 0.08014559745788574, 0.9876253604888916
2.7982029914855957, 0.08151412010192871, 0.9152417182922363
2.960092544555664, 0.11908411979675293, 0.823357343673706
2.921485662460327, 0.0791311264038086, 0.8371591567993164
2.873565435409546, 0.12500452995300293, 1.336108684539795
3.182941436767578, 0.1600184440612793, 1.3313586711883545
3.1636528968811035, 0.08065009117126465, 0.8951880931854248
3.317058563232422, 0.07753419876098633, 0.9464306831359863
2.787323236465454, 0.07953834533691406, 0.8203001022338867
2.812506675720215, 0.07877683639526367, 0.7076365947723389
3.0943663120269775, 0.07954120635986328, 1.1503400802612305
3.271425247192383, 0.08704543113708496, 0.937269926071167
2.867549419403076, 0.08271074295043945, 0.7476348876953125
3.001495361328125, 0.07830667495727539, 0.9815800189971924
2.832899808883667, 0.08056449890136719, 0.7251377105712891
2.794074296951294, 0.08188033103942871, 1.5131263732910156
2.9590680599212646, 0.08060050010681152, 1.3801124095916748
3.2698380947113037, 0.09217238426208496, 1.402925729751587
2.9208390712738037, 0.08127164840698242, 0.9592783451080322
3.087686061859131, 0.09264731407165527, 1.3837125301361084
4.030466079711914, 0.11049103736877441, 1.474125862121582
2.7575831413269043, 0.07755732536315918, 0.8593552112579346
3.1751744747161865, 0.08349132537841797, 0.8228676319122314
2.891136646270752, 0.07802104949951172, 1.216191053390503
2.9948084354400635, 0.08576536178588867, 1.1178338527679443
2.827225685119629, 0.0784916877746582, 0.7970128059387207
3.1593332290649414, 0.09122109413146973, 0.7425634860992432
2.756334066390991, 0.07668423652648926, 0.7779481410980225
2.932825803756714, 0.0811147689819336, 1.1758391857147217
3.3490188121795654, 0.0791616439819336, 0.8435516357421875
2.830556869506836, 0.0799713134765625, 1.10280442237854
2.8385493755340576, 0.0907282829284668, 0.7320377826690674
2.9697763919830322, 0.09114742279052734, 0.8490207195281982
3.0663607120513916, 0.11188054084777832, 1.2435643672943115
2.966963052749634, 0.07763934135437012, 0.974097490310669
3.357830762863159, 0.08430719375610352, 0.6400220394134521
2.7223689556121826, 0.10302448272705078, 0.753420352935791
2.817981481552124, 0.11935138702392578, 0.8081023693084717
2.7717270851135254, 0.11304354667663574, 1.4323091506958008
3.2418315410614014, 0.07813239097595215, 1.1172590255737305
2.9448740482330322, 0.07927536964416504, 0.8187322616577148
2.8570199012756348, 0.08635210990905762, 0.6487648487091064
3.0316152572631836, 0.08232927322387695, 1.1518011093139648
2.871598482131958, 0.08895468711853027, 0.8343155384063721
2.9262356758117676, 0.07936954498291016, 1.197265863418579
3.190805435180664, 0.09832334518432617, 0.7302381992340088
2.9179580211639404, 0.0908346176147461, 1.066643238067627
4.3020713329315186, 0.14319825172424316, 1.0251190662384033
3.3092899322509766, 0.07631731033325195, 0.8704750537872314
3.1081604957580566, 0.08038544654846191, 0.7774538993835449
2.8944854736328125, 0.07741284370422363, 1.026256799697876
2.8618710041046143, 0.08008050918579102, 1.1373584270477295
3.02817440032959, 0.07362127304077148, 0.9758472442626953
3.0196542739868164, 0.0783088207244873, 0.6180860996246338
3.6375670433044434, 0.10578608512878418, 1.0973269939422607
4.073200464248657, 0.1925032138824463, 0.9051578044891357
3.3155715465545654, 0.0884099006652832, 0.6992843151092529
3.2933647632598877, 0.10602545738220215, 0.8687670230865479
4.084090709686279, 0.08904790878295898, 0.833751916885376
4.599920749664307, 0.09438204765319824, 0.6326413154602051
3.917239189147949, 0.09107732772827148, 1.2224671840667725
4.027410507202148, 0.09670758247375488, 1.2565226554870605
3.761111259460449, 0.16329455375671387, 1.0990099906921387
3.831794261932373, 0.15692543983459473, 1.06007981300354
3.753260850906372, 0.10473322868347168, 1.0916144847869873
4.950036287307739, 0.12333536148071289, 0.7877001762390137
3.3848679065704346, 0.15540361404418945, 1.0074539184570312
3.521475076675415, 0.13244032859802246, 1.2191028594970703
3.391507863998413, 0.14748215675354004, 0.955498456954956
3.386629581451416, 0.08545899391174316, 0.8082072734832764
3.789386034011841, 0.0804741382598877, 0.777904748916626
3.5875132083892822, 0.2056272029876709, 1.0366392135620117
4.0364296436309814, 0.10819339752197266, 0.9309372901916504
3.604361057281494, 0.0797417163848877, 0.6807067394256592
2.905339479446411, 0.0774834156036377, 0.6645283699035645
3.771528959274292, 0.08369278907775879, 0.5868501663208008
3.7964437007904053, 0.10493016242980957, 1.0269076824188232
3.1546144485473633, 0.09990382194519043, 0.6945528984069824
3.5998642444610596, 0.14336752891540527, 0.6080727577209473
3.3831496238708496, 0.08041739463806152, 0.6360626220703125
3.5157809257507324, 0.08287787437438965, 0.9930965900421143
3.363046169281006, 0.08512759208679199, 0.7184772491455078
3.875180721282959, 0.08719563484191895, 0.8695456981658936
3.674464464187622, 0.09544682502746582, 0.983771562576294
3.4730441570281982, 0.08033943176269531, 0.9586837291717529
3.456077814102173, 0.07964229583740234, 1.0778465270996094
3.535350799560547, 0.07741332054138184, 0.8881282806396484
3.2795517444610596, 0.09078788757324219, 0.8383076190948486
3.5489697456359863, 0.08151960372924805, 0.7673702239990234
3.9158456325531006, 0.08470702171325684, 0.905306339263916
3.197648525238037, 0.07730793952941895, 1.1759753227233887
3.1241912841796875, 0.0762174129486084, 0.7936599254608154
3.197265863418579, 0.10982632637023926, 0.921905517578125
3.7862496376037598, 0.08510136604309082, 0.893122673034668
3.024268627166748, 0.07759690284729004, 0.8339998722076416
3.1538071632385254, 0.10957074165344238, 0.8766615390777588
3.387895107269287, 0.09123945236206055, 1.1253299713134766
3.0948450565338135, 0.10969662666320801, 0.9739906787872314
2.932281970977783, 0.07567358016967773, 0.7958669662475586
2.8454554080963135, 0.10804247856140137, 1.0338554382324219
3.835977792739868, 0.0777592658996582, 0.9638702869415283
3.318209171295166, 0.1083517074584961, 0.7712681293487549
3.079888343811035, 0.09915590286254883, 0.8330285549163818
3.223085880279541, 0.10285735130310059, 0.9390668869018555
3.8683817386627197, 0.17571520805358887, 0.8955063819885254
3.232548952102661, 0.1715245246887207, 0.9809081554412842
4.033587217330933, 0.12199783325195312, 0.9793984889984131
3.6832821369171143, 0.12061858177185059, 1.102245807647705
3.3574697971343994, 0.08583521842956543, 0.6026175022125244
3.171988010406494, 0.10874176025390625, 0.9103226661682129
3.8249497413635254, 0.0907292366027832, 0.8966379165649414
3.371652603149414, 0.08056378364562988, 0.7917704582214355
3.360506296157837, 0.08125567436218262, 0.6017379760742188
3.259617328643799, 0.10055041313171387, 0.6577599048614502
3.4564332962036133, 0.08101129531860352, 0.882582426071167
3.4949374198913574, 0.08786296844482422, 0.7321863174438477
3.534419298171997, 0.09151506423950195, 0.8260467052459717
4.016282081604004, 0.10196900367736816, 0.6113488674163818
3.1737406253814697, 0.13402962684631348, 0.8402736186981201
3.662853479385376, 0.09217524528503418, 0.9854416847229004
3.456138849258423, 0.07821106910705566, 1.1445128917694092
3.688690423965454, 0.07683897018432617, 0.9283604621887207
3.429945468902588, 0.18275952339172363, 0.743110179901123
3.6058502197265625, 0.08248090744018555, 0.5985751152038574
3.245788812637329, 0.09748315811157227, 0.8716676235198975
3.2709741592407227, 0.07545232772827148, 0.9161567687988281
3.540109395980835, 0.08347058296203613, 0.9020109176635742
3.705568313598633, 0.0782325267791748, 0.788433313369751
3.3314239978790283, 0.07524657249450684, 0.9232077598571777
3.5759315490722656, 0.14002394676208496, 1.334611415863037
3.389611005783081, 0.07715749740600586, 0.9786410331726074
3.647496223449707, 0.11202335357666016, 0.8949851989746094
3.6080706119537354, 0.10655331611633301, 0.8520152568817139
4.41908860206604, 0.10999202728271484, 0.7199134826660156
3.583181142807007, 0.07863831520080566, 1.017836570739746
3.323460578918457, 0.10839176177978516, 0.6341962814331055
3.558886766433716, 0.0738377571105957, 0.8383681774139404
4.208841800689697, 0.09804582595825195, 0.7749524116516113
4.52202582359314, 0.1593341827392578, 1.176344633102417
3.1830034255981445, 0.08481383323669434, 1.0142972469329834
3.2491493225097656, 0.09459924697875977, 0.662879228591919
3.3874452114105225, 0.09247279167175293, 0.608400821685791
3.0017383098602295, 0.07802748680114746, 0.739593505859375
3.841230630874634, 0.08880829811096191, 0.8470828533172607
3.499948740005493, 0.10413789749145508, 1.0193908214569092
3.833181142807007, 0.07825779914855957, 0.9577291011810303
3.7541306018829346, 0.08492136001586914, 0.8628530502319336
3.655665636062622, 0.07843232154846191, 0.8766212463378906
3.465357542037964, 0.1233210563659668, 0.8182353973388672
3.2966527938842773, 0.09862184524536133, 0.8340377807617188
3.749751329421997, 0.14856457710266113, 0.8908629417419434
3.1252894401550293, 0.16023993492126465, 0.7957897186279297
3.2634201049804688, 0.07726788520812988, 0.8469691276550293
3.2097771167755127, 0.10402154922485352, 0.782310962677002
3.361161470413208, 0.09037423133850098, 0.7541086673736572
2.8608930110931396, 0.10635590553283691, 0.9343533515930176
3.6069626808166504, 0.10566353797912598, 0.7749476432800293
3.6459391117095947, 0.08597373962402344, 0.9834277629852295
3.6639657020568848, 0.09510183334350586, 0.9884779453277588
3.532630443572998, 0.07753968238830566, 0.7192282676696777
3.886939525604248, 0.1316218376159668, 0.8686375617980957
4.6427576541900635, 0.0929877758026123, 0.7251112461090088
4.265273809432983, 0.12104558944702148, 1.1104507446289062
3.1457719802856445, 0.10188436508178711, 0.9974095821380615
3.3243634700775146, 0.09310245513916016, 0.756920337677002
3.24934458732605, 0.10315370559692383, 0.7601523399353027
3.26678204536438, 0.09563589096069336, 0.8342092037200928
3.1493473052978516, 0.17479228973388672, 0.9653806686401367
3.851224184036255, 0.12402200698852539, 1.0651283264160156
3.8300721645355225, 0.14002037048339844, 0.6584112644195557
3.0140380859375, 0.22263193130493164, 0.7026023864746094
3.4110171794891357, 0.09731650352478027, 0.7760672569274902
3.2303056716918945, 0.11077713966369629, 0.8089101314544678
3.0786399841308594, 0.08589768409729004, 0.9025108814239502
4.110040664672852, 0.10850811004638672, 0.7872817516326904
3.5017666816711426, 0.09422540664672852, 1.2117915153503418
3.604349374771118, 0.09299635887145996, 0.7415943145751953
3.6664774417877197, 0.1391921043395996, 1.3943519592285156
3.857142686843872, 0.08346223831176758, 1.284404993057251
3.5315284729003906, 0.1595911979675293, 1.1289610862731934
4.466019868850708, 0.09971046447753906, 0.7779922485351562
3.728299856185913, 0.13045644760131836, 0.8217313289642334
3.9672369956970215, 0.15552520751953125, 1.0536189079284668
3.8498451709747314, 0.09835958480834961, 1.267611026763916
5.143136978149414, 0.21583342552185059, 1.095327377319336
4.367546558380127, 0.17556428909301758, 1.0041828155517578
3.695150136947632, 0.0898585319519043, 1.1659877300262451
4.024313449859619, 0.10686349868774414, 1.0870237350463867
3.5433380603790283, 0.13440346717834473, 0.9118821620941162
4.057955503463745, 0.08123278617858887, 1.069232702255249
3.4089322090148926, 0.20858430862426758, 0.9012432098388672
4.509051084518433, 0.12276315689086914, 1.4182429313659668
4.140437364578247, 0.1553652286529541, 0.9466931819915771
3.7010347843170166, 0.11695694923400879, 1.0770771503448486
3.878575086593628, 0.09064102172851562, 0.821631908416748
3.476876974105835, 0.08445978164672852, 0.8234446048736572
4.081645727157593, 0.1431562900543213, 1.0710725784301758
4.71665620803833, 0.12334156036376953, 0.9072351455688477
4.911639928817749, 0.17905259132385254, 1.260392189025879
4.423115015029907, 0.12315201759338379, 0.8118829727172852
3.7989864349365234, 0.12926530838012695, 0.7460072040557861
3.9750308990478516, 0.0782313346862793, 0.7222084999084473
4.003092527389526, 0.1885838508605957, 1.1061768531799316
4.005007743835449, 0.11352682113647461, 1.2008461952209473
5.621211767196655, 0.10043454170227051, 1.2185235023498535
4.192201375961304, 0.18120765686035156, 0.9228413105010986
4.3585288524627686, 0.1791214942932129, 1.8676416873931885
3.7443366050720215, 0.10029935836791992, 0.9354972839355469
3.7338273525238037, 0.11013388633728027, 1.6436030864715576
3.6819305419921875, 0.08692359924316406, 1.359386920928955
3.7889249324798584, 0.08406567573547363, 1.1800909042358398
3.3058228492736816, 0.10175395011901855, 1.14756178855896
3.8931050300598145, 0.10480117797851562, 1.1074533462524414
3.4999072551727295, 0.10468626022338867, 1.115142822265625
3.943019151687622, 0.07953381538391113, 0.760244607925415
3.2895922660827637, 0.11451387405395508, 1.1239492893218994
3.6403520107269287, 0.08987569808959961, 0.975416898727417
3.4781956672668457, 0.10451769828796387, 0.8188040256500244
3.8664352893829346, 0.0837557315826416, 0.8955824375152588
3.3735625743865967, 0.09361863136291504, 1.3638441562652588
3.5930140018463135, 0.16971278190612793, 0.6967663764953613
3.7830376625061035, 0.1436145305633545, 0.7710576057434082
3.9229702949523926, 0.10778236389160156, 0.9398050308227539
4.119542598724365, 0.11713147163391113, 1.2975401878356934
3.6660046577453613, 0.10765576362609863, 0.8131978511810303
3.3909106254577637, 0.08326864242553711, 1.1928095817565918
3.907270908355713, 0.07757282257080078, 1.1966869831085205
3.4904887676239014, 0.15368032455444336, 0.8427379131317139
3.6790950298309326, 0.10553145408630371, 1.1139557361602783
4.692880868911743, 0.09256649017333984, 0.6182706356048584
4.132226467132568, 0.09244108200073242, 1.381363868713379
3.92112398147583, 0.09492278099060059, 0.92421555519104
3.7149226665496826, 0.07808995246887207, 0.9631121158599854
4.19497013092041, 0.19789433479309082, 0.7204725742340088
4.181270122528076, 0.11575031280517578, 0.8678841590881348
3.8497154712677, 0.20971155166625977, 1.162825584411621
3.899951934814453, 0.12067198753356934, 0.9092764854431152
3.9917032718658447, 0.0826408863067627, 0.9467365741729736
3.0328564643859863, 0.14149737358093262, 0.8450114727020264
3.875093460083008, 0.08097505569458008, 0.8029236793518066
4.3574254512786865, 0.07939648628234863, 0.5908489227294922
4.218936204910278, 0.09382772445678711, 1.0418665409088135
3.837474822998047, 0.18194198608398438, 1.147195816040039
3.78076171875, 0.1453418731689453, 0.7917506694793701
3.237027168273926, 0.16337275505065918, 0.7961361408233643
3.072540044784546, 0.1532440185546875, 0.732903242111206
3.8243248462677, 0.17667365074157715, 1.0040218830108643
3.8920583724975586, 0.16595053672790527, 0.9467835426330566
3.2937257289886475, 0.0919649600982666, 1.0437233448028564
3.407747507095337, 0.1241450309753418, 0.7800781726837158
3.956524610519409, 0.10721039772033691, 1.0088891983032227
4.162439823150635, 0.10310959815979004, 1.0260722637176514
3.943380355834961, 0.21799182891845703, 0.7342855930328369
4.4343955516815186, 0.17307329177856445, 0.9427895545959473
3.955214023590088, 0.0824272632598877, 1.466355323791504
4.148219347000122, 0.09206604957580566, 0.9182314872741699
3.9414455890655518, 0.14693641662597656, 1.093827486038208
4.543686151504517, 0.12369227409362793, 1.0093114376068115
3.5081305503845215, 0.12472057342529297, 0.6768410205841064
3.133795738220215, 0.08537840843200684, 0.9461255073547363
3.841536045074463, 0.1187589168548584, 1.7617981433868408
4.543938159942627, 0.08371591567993164, 0.7075755596160889
3.6719729900360107, 0.10187745094299316, 0.6849818229675293
4.158767461776733, 0.12492752075195312, 1.4445774555206299
4.355499505996704, 0.12724685668945312, 0.8160045146942139
4.277990818023682, 0.1420741081237793, 0.8863229751586914
5.084604501724243, 0.09205508232116699, 0.8913722038269043
4.119934558868408, 0.10393619537353516, 1.2228400707244873
4.415565490722656, 0.15243744850158691, 0.9881060123443604
3.6330854892730713, 0.07936620712280273, 0.9661087989807129
4.032482147216797, 0.10069704055786133, 0.6670074462890625
3.570288896560669, 0.09237337112426758, 0.793381929397583
3.7813045978546143, 0.08045673370361328, 0.7693300247192383
3.694629430770874, 0.08088469505310059, 1.0171730518341064
4.0108277797698975, 0.08683919906616211, 1.1136291027069092
3.9135522842407227, 0.11230945587158203, 0.9003586769104004
4.660006046295166, 0.08044123649597168, 0.8315451145172119
4.327979803085327, 0.19885492324829102, 1.183363914489746
4.724248647689819, 0.09386682510375977, 1.2303426265716553
3.7807703018188477, 0.09106159210205078, 1.2940022945404053
4.463052988052368, 0.09557914733886719, 0.8030524253845215
4.197027921676636, 0.0908212661743164, 0.7278823852539062
3.618624210357666, 0.08400821685791016, 0.9238150119781494
4.004948616027832, 0.09795093536376953, 1.4008331298828125
3.642996072769165, 0.1298081874847412, 0.9816734790802002
4.375738143920898, 0.09203243255615234, 0.9706792831420898
4.461248397827148, 0.10919451713562012, 0.8940343856811523
4.822377443313599, 0.14804315567016602, 1.0938804149627686
4.197359323501587, 0.2357637882232666, 1.1446681022644043
3.914743423461914, 0.18111968040466309, 0.6335351467132568
3.345712661743164, 0.14641070365905762, 0.976973295211792
3.9129436016082764, 0.2628190517425537, 1.1319081783294678
3.9860968589782715, 0.11836504936218262, 0.6313614845275879
4.127935171127319, 0.10427236557006836, 0.7469828128814697
4.371217250823975, 0.1146087646484375, 1.2005975246429443
4.223108291625977, 0.09119129180908203, 0.9042370319366455
4.115368127822876, 0.10403895378112793, 0.8697974681854248
5.327927827835083, 0.11306929588317871, 1.0869722366333008
4.417199611663818, 0.09370923042297363, 1.1085989475250244
4.763909816741943, 0.08132624626159668, 1.1532070636749268
4.289698600769043, 0.08312678337097168, 0.9506840705871582
4.437493324279785, 0.11577391624450684, 1.0919125080108643
4.92055082321167, 0.10693526268005371, 0.9486393928527832
3.7648353576660156, 0.08275413513183594, 0.9855237007141113
3.727550983428955, 0.16329264640808105, 1.109264850616455
4.869124889373779, 0.08952188491821289, 0.7791061401367188
4.0474467277526855, 0.07767486572265625, 0.8812663555145264
4.389748573303223, 0.22478985786437988, 1.066194772720337
3.6543853282928467, 0.10419249534606934, 1.2901103496551514
3.632982015609741, 0.13546299934387207, 0.995004415512085
3.6539809703826904, 0.09253120422363281, 0.9171156883239746
3.9355664253234863, 0.09256529808044434, 0.9673566818237305
4.17640233039856, 0.09748053550720215, 0.785414457321167
3.698756694793701, 0.19789910316467285, 0.7972724437713623
3.4047751426696777, 0.08326125144958496, 0.6953065395355225
4.868289470672607, 0.13033199310302734, 1.1780080795288086
4.579472780227661, 0.12219905853271484, 0.7942707538604736
3.9275577068328857, 0.0926506519317627, 0.9526627063751221
4.305439472198486, 0.19119596481323242, 0.9548702239990234
3.8662681579589844, 0.15176606178283691, 1.271181583404541
4.844307899475098, 0.20834779739379883, 0.7447612285614014
4.717782974243164, 0.10988473892211914, 0.8893392086029053
4.910071849822998, 0.12401556968688965, 1.5361316204071045
4.297065496444702, 0.12522387504577637, 1.2558701038360596
4.583488941192627, 0.1039881706237793, 0.9594058990478516
5.051149845123291, 0.1174020767211914, 0.9694745540618896
5.047597408294678, 0.15284371376037598, 1.3492047786712646
5.326322078704834, 0.15579462051391602, 1.1073527336120605
4.90713357925415, 0.10904598236083984, 0.9191684722900391
4.36542272567749, 0.13359570503234863, 2.235483407974243
5.615987539291382, 0.15407943725585938, 1.049307107925415
4.156734943389893, 0.24551677703857422, 1.2097394466400146
4.108426094055176, 0.14887094497680664, 1.0667667388916016
4.5718865394592285, 0.16300630569458008, 1.2624645233154297
4.402681350708008, 0.19037580490112305, 0.7763068675994873
3.9880783557891846, 0.09822463989257812, 0.9077060222625732
4.089867830276489, 0.1349482536315918, 0.8031632900238037
4.5865702629089355, 0.16389679908752441, 1.3081457614898682
4.981647253036499, 0.16603732109069824, 0.9255280494689941
4.785478115081787, 0.14331507682800293, 0.8243019580841064
4.672224044799805, 0.20180201530456543, 1.4609222412109375
4.446111440658569, 0.22936415672302246, 0.7876968383789062
4.882949352264404, 0.13207149505615234, 1.3279261589050293
4.6959617137908936, 0.11186456680297852, 0.9934241771697998
4.336855888366699, 0.11132431030273438, 1.2607364654541016
4.930253267288208, 0.12425780296325684, 0.9258861541748047
5.245782136917114, 0.13426566123962402, 1.9151015281677246
4.344911813735962, 0.1616671085357666, 0.845599889755249
5.137608289718628, 0.1170656681060791, 2.004500389099121
4.448334455490112, 0.1742110252380371, 1.030348300933838
4.5487871170043945, 0.13114380836486816, 1.6331651210784912
4.524474620819092, 0.10466694831848145, 1.5163745880126953
4.534653186798096, 0.11284303665161133, 0.8942885398864746
4.56221079826355, 0.1522212028503418, 1.0509881973266602
4.311379432678223, 0.17766761779785156, 1.0886664390563965
4.583717584609985, 0.15629339218139648, 0.74088454246521
4.26200008392334, 0.1790015697479248, 0.9249498844146729
4.400444746017456, 0.10392951965332031, 1.3604974746704102
4.653975009918213, 0.11371755599975586, 2.250239133834839
5.112633228302002, 0.11754679679870605, 0.8992960453033447
4.6523826122283936, 0.19373059272766113, 0.9669902324676514
4.468857526779175, 0.10611104965209961, 1.2229559421539307
4.866950035095215, 0.13489413261413574, 0.9907619953155518
4.580425977706909, 0.20994949340820312, 0.9785380363464355
4.350953578948975, 0.15680599212646484, 1.09913969039917
4.352490425109863, 0.11444592475891113, 0.8933169841766357
4.958698987960815, 0.1292726993560791, 0.7498645782470703
4.686056137084961, 0.11642122268676758, 0.8597140312194824
5.1336448192596436, 0.12115120887756348, 1.4453084468841553
4.782492399215698, 0.1574418544769287, 1.2356963157653809
5.114362001419067, 0.11928057670593262, 0.9876198768615723
4.918826103210449, 0.1084740161895752, 1.2078218460083008
4.130460500717163, 0.12555360794067383, 1.0026161670684814
4.9797539710998535, 0.1219627857208252, 1.1587531566619873
4.618791341781616, 0.15217304229736328, 0.8656141757965088
4.536622524261475, 0.16990423202514648, 1.6296029090881348
4.106050252914429, 0.16827964782714844, 0.8684496879577637
4.627646446228027, 0.1415255069732666, 1.2150604724884033
4.725139141082764, 0.1369795799255371, 1.4302978515625
4.395223140716553, 0.12601161003112793, 1.2881581783294678
4.495842218399048, 0.13788390159606934, 0.9380159378051758
5.058840990066528, 0.14194059371948242, 1.628943681716919
4.2528159618377686, 0.15309810638427734, 1.0735528469085693
4.745065689086914, 0.10954833030700684, 0.9580979347229004
4.945911407470703, 0.16538405418395996, 0.7619452476501465
4.593797445297241, 0.19769859313964844, 1.0627479553222656
4.2695605754852295, 0.11565780639648438, 0.8969464302062988
3.9204862117767334, 0.13003873825073242, 1.0327253341674805
4.1995978355407715, 0.09888362884521484, 0.9075162410736084
4.1524693965911865, 0.12817025184631348, 0.8894150257110596
4.714865446090698, 0.12430024147033691, 1.4995787143707275
5.128226041793823, 0.10351920127868652, 0.9000983238220215
4.190941572189331, 0.1237483024597168, 1.0360565185546875
4.363070487976074, 0.09421467781066895, 1.036541223526001
4.2041168212890625, 0.13347792625427246, 0.7729525566101074
4.665716886520386, 0.1211404800415039, 2.3919029235839844
6.395007133483887, 0.19468188285827637, 0.9080703258514404
4.8727452754974365, 0.10696983337402344, 0.8413357734680176
4.940896272659302, 0.158189058303833, 1.1537621021270752
4.048584938049316, 0.14926791191101074, 1.1081700325012207
4.659614086151123, 0.1318187713623047, 0.8626792430877686
4.24766993522644, 0.14356422424316406, 0.7473156452178955
4.4026007652282715, 0.15430927276611328, 1.1510124206542969
5.0671727657318115, 0.09858298301696777, 1.5312986373901367
4.857627630233765, 0.09047865867614746, 1.04327392578125
4.687592267990112, 0.11995387077331543, 1.1768639087677002
4.490907192230225, 0.13734722137451172, 1.4323172569274902
5.364854574203491, 0.14481496810913086, 0.9978806972503662
5.591714143753052, 0.16820144653320312, 1.3221793174743652
4.475120782852173, 0.18910503387451172, 1.0287809371948242
4.720381259918213, 0.11676979064941406, 0.8981103897094727
4.5786659717559814, 0.17286968231201172, 0.9256970882415771
5.4667463302612305, 0.18697786331176758, 1.0066947937011719
5.443106412887573, 0.08788132667541504, 0.9887990951538086
4.812480688095093, 0.1673262119293213, 1.2018013000488281
4.679917812347412, 0.16673874855041504, 1.240753173828125
4.840078353881836, 0.1319878101348877, 1.547926664352417
4.885455369949341, 0.14915895462036133, 1.1694927215576172
5.364041090011597, 0.09093451499938965, 0.8006737232208252
5.170401334762573, 0.13175368309020996, 0.9020035266876221
4.502363681793213, 0.09892916679382324, 1.2212114334106445
4.538498640060425, 0.09082865715026855, 0.9010725021362305
5.021608352661133, 0.12418556213378906, 0.9423160552978516
4.780944108963013, 0.12174677848815918, 0.9190568923950195
4.631030321121216, 0.16215181350708008, 1.2749049663543701
4.876089334487915, 0.15303897857666016, 1.3365488052368164
4.620378732681274, 0.10684967041015625, 1.2177424430847168
5.190975189208984, 0.10894250869750977, 1.5869903564453125
4.875509977340698, 0.15049242973327637, 0.8402619361877441
5.034646987915039, 0.137176513671875, 0.8794498443603516
4.803012132644653, 0.1596696376800537, 1.5088016986846924
4.412562370300293, 0.1280207633972168, 1.0137832164764404
5.042636394500732, 0.18889069557189941, 0.9579553604125977
5.052282094955444, 0.15838956832885742, 1.0900776386260986
5.956722736358643, 0.2162036895751953, 1.6933925151824951
4.916874170303345, 0.108428955078125, 0.6248626708984375
4.100973606109619, 0.0824427604675293, 0.9921026229858398
5.253856420516968, 0.16633391380310059, 0.9479806423187256
3.33475661277771, 0.08486199378967285, 0.9426100254058838
4.002967596054077, 0.12107229232788086, 1.1679186820983887
3.7133748531341553, 0.11066627502441406, 1.1355865001678467
4.156968832015991, 0.13758325576782227, 1.233018398284912
3.741351842880249, 0.0960855484008789, 0.7094480991363525
3.5356061458587646, 0.11231112480163574, 1.0468742847442627
3.3777425289154053, 0.10226869583129883, 0.8745222091674805
3.6373398303985596, 0.08476972579956055, 0.7215743064880371
3.6964404582977295, 0.10619187355041504, 1.0987834930419922
3.4851291179656982, 0.12774920463562012, 0.6778173446655273
4.042416572570801, 0.13935041427612305, 1.336169719696045
5.114643335342407, 0.1165304183959961, 0.8308939933776855
4.207019805908203, 0.13195371627807617, 0.9317803382873535
4.360749244689941, 0.10126781463623047, 1.5519969463348389
4.227346420288086, 0.10066699981689453, 1.485276460647583
5.22457480430603, 0.13147306442260742, 0.854816198348999
4.927525997161865, 0.12859487533569336, 1.0940356254577637
5.37334418296814, 0.21432995796203613, 1.1555073261260986
5.823221921920776, 0.1628119945526123, 1.403707504272461
5.402670621871948, 0.1559314727783203, 1.1076533794403076
5.5996994972229, 0.1305685043334961, 0.9602303504943848
5.586677551269531, 0.1366410255432129, 1.8803484439849854
5.401863098144531, 0.12703919410705566, 1.2609405517578125
4.816464185714722, 0.1402895450592041, 1.1411240100860596
4.898319721221924, 0.11041712760925293, 0.9131553173065186
4.574509143829346, 0.14602208137512207, 1.0582895278930664
4.735120058059692, 0.14430642127990723, 1.1054449081420898
4.543436288833618, 0.26458287239074707, 0.9416210651397705
5.193188190460205, 0.16458916664123535, 1.0575096607208252
4.581213712692261, 0.10669231414794922, 0.8480937480926514
4.797652721405029, 0.13337469100952148, 0.8412489891052246
4.937807559967041, 0.11923718452453613, 1.1804883480072021
4.838236331939697, 0.10248827934265137, 1.0504393577575684
4.569345235824585, 0.1087043285369873, 0.8698318004608154
4.913573980331421, 0.18397736549377441, 1.6222038269042969
5.04281210899353, 0.14632272720336914, 1.0536015033721924
4.819628715515137, 0.12350082397460938, 0.9508779048919678
4.730383396148682, 0.11636161804199219, 0.8840103149414062
4.719053268432617, 0.10100722312927246, 0.833383321762085
5.016644239425659, 0.12025046348571777, 1.1342144012451172
4.7372705936431885, 0.11397027969360352, 1.0295779705047607
4.550736904144287, 0.13097596168518066, 0.9866173267364502
4.748614072799683, 0.13225126266479492, 1.0953621864318848
4.494635343551636, 0.13117361068725586, 0.8156023025512695
4.900048732757568, 0.13491177558898926, 1.2990665435791016
4.878387451171875, 0.11836409568786621, 1.1663744449615479
4.935363531112671, 0.12540078163146973, 1.0689294338226318
4.952144145965576, 0.1414642333984375, 0.8735957145690918
4.423381090164185, 0.19196581840515137, 1.0826752185821533
4.714874505996704, 0.11043238639831543, 0.9680769443511963
4.99782133102417, 0.1315300464630127, 0.8122067451477051
4.810157299041748, 0.13928747177124023, 0.9056899547576904
5.104402542114258, 0.12639307975769043, 0.8502886295318604
4.998289585113525, 0.16034150123596191, 1.132296085357666
4.592574834823608, 0.10061287879943848, 0.9521536827087402
4.831951856613159, 0.09168195724487305, 1.1511361598968506
4.639272689819336, 0.15603303909301758, 1.2194738388061523
4.684324264526367, 0.10759592056274414, 1.3392395973205566
4.635254621505737, 0.16794824600219727, 1.7387568950653076
4.579031229019165, 0.13918328285217285, 0.9527990818023682
4.534514665603638, 0.16394710540771484, 1.246206283569336
4.726403474807739, 0.1413893699645996, 1.157914161682129
4.580796003341675, 0.29532337188720703, 1.7991859912872314
4.738040924072266, 0.12490558624267578, 1.0470118522644043
4.630873680114746, 0.16998910903930664, 2.880650520324707
5.043759346008301, 0.11769676208496094, 0.9804751873016357
4.173786163330078, 0.1659846305847168, 0.9767613410949707
5.048233270645142, 0.1264784336090088, 0.7919018268585205
5.847131729125977, 0.1537628173828125, 0.7840292453765869
4.584958553314209, 0.14994192123413086, 0.8761100769042969
4.07091212272644, 0.09822463989257812, 0.8527085781097412
4.951337575912476, 0.11520695686340332, 0.8762438297271729
4.206430912017822, 0.31839489936828613, 0.8730180263519287
4.209200143814087, 0.2702159881591797, 0.9985857009887695
4.555048704147339, 0.37720251083374023, 1.0017635822296143
4.460529088973999, 0.32189393043518066, 0.9911978244781494
4.639823913574219, 0.22930335998535156, 0.8160035610198975
4.262850761413574, 0.12452316284179688, 1.454901933670044
4.820214509963989, 0.12389922142028809, 1.4385886192321777
4.8774213790893555, 0.1407184600830078, 0.8349893093109131
4.7912633419036865, 0.13663578033447266, 1.169694423675537
4.78947639465332, 0.14036941528320312, 1.1098365783691406
4.854712724685669, 0.11765146255493164, 1.045886516571045
4.910045385360718, 0.10615253448486328, 1.416799545288086
5.266470670700073, 0.14086389541625977, 1.2226476669311523
4.6038548946380615, 0.13173961639404297, 1.3503193855285645
5.387711524963379, 0.12282633781433105, 1.11629056930542
4.924710988998413, 0.1005702018737793, 0.9235496520996094
4.707324743270874, 0.12999582290649414, 1.3426737785339355
4.294719457626343, 0.11286544799804688, 0.8162407875061035
4.359099626541138, 0.10195398330688477, 0.8187606334686279
4.783339977264404, 0.17659616470336914, 0.9598665237426758
4.861112594604492, 0.12223386764526367, 1.1689329147338867
4.774653911590576, 0.13901901245117188, 1.3464114665985107
4.7220845222473145, 0.09786677360534668, 0.8831601142883301
4.390887498855591, 0.13733291625976562, 0.9976258277893066
4.571148872375488, 0.09985613822937012, 1.2881107330322266
4.741522789001465, 0.14058399200439453, 0.773977518081665
4.378012180328369, 0.1103982925415039, 0.8974215984344482
4.419858694076538, 0.14829492568969727, 0.6692891120910645
4.329331398010254, 0.1591048240661621, 0.7965197563171387
4.892577886581421, 0.12197494506835938, 1.0659327507019043
4.782256126403809, 0.12914586067199707, 0.7602357864379883
5.012269973754883, 0.11808562278747559, 0.8657670021057129
4.8812925815582275, 0.10912227630615234, 1.5178039073944092
4.990829229354858, 0.1271512508392334, 1.3835573196411133
4.612074613571167, 0.12148618698120117, 0.7656805515289307
4.676585674285889, 0.12225484848022461, 1.0391535758972168
4.552209138870239, 0.15642905235290527, 1.8726041316986084
4.725307464599609, 0.1452956199645996, 1.1798994541168213
4.801137685775757, 0.11237597465515137, 1.0969464778900146
4.562726974487305, 0.13806676864624023, 0.8939774036407471
4.5378313064575195, 0.1474297046661377, 0.8067619800567627
4.699459791183472, 0.12074494361877441, 1.065934658050537
6.14713191986084, 0.2229459285736084, 0.9659664630889893
4.906033754348755, 0.11155319213867188, 0.7670841217041016
4.477817535400391, 0.10466170310974121, 0.773181676864624
4.845124006271362, 0.10100531578063965, 0.6937487125396729
4.794381856918335, 0.16207551956176758, 1.3798542022705078
4.834461450576782, 0.13201045989990234, 1.2851049900054932
4.817057132720947, 0.11198592185974121, 1.0951340198516846
4.766816139221191, 0.09916114807128906, 0.8293883800506592
5.287321090698242, 0.12897706031799316, 1.0552279949188232
4.671539545059204, 0.15242362022399902, 0.7402427196502686
4.354091644287109, 0.10051679611206055, 0.8472411632537842
5.066327333450317, 0.3109855651855469, 1.0704686641693115
4.914437770843506, 0.1224982738494873, 1.1262924671173096
4.814321279525757, 0.12625670433044434, 1.2052464485168457
4.667408466339111, 0.14429783821105957, 0.741642951965332
5.119021654129028, 0.14987754821777344, 1.053157091140747
4.57691216468811, 0.11169600486755371, 0.9061315059661865
4.617767572402954, 0.16237449645996094, 1.391064167022705
4.577549457550049, 0.11452436447143555, 1.0459423065185547
4.5901243686676025, 0.14880108833312988, 1.2460908889770508
4.507080078125, 0.1068425178527832, 1.205395221710205
4.079861164093018, 0.11812949180603027, 1.0706794261932373
4.42983865737915, 0.12909531593322754, 1.1050004959106445
4.657761573791504, 0.13643097877502441, 1.0428800582885742
4.8701794147491455, 0.12564826011657715, 1.7206342220306396
4.281136512756348, 0.15977191925048828, 0.9221034049987793
4.4308366775512695, 0.1502377986907959, 0.8826587200164795
4.3133087158203125, 0.12704753875732422, 0.9631483554840088
4.144749879837036, 0.13510918617248535, 1.3028645515441895
4.899832487106323, 0.10752320289611816, 1.056164026260376
4.088952302932739, 0.12080645561218262, 1.495481252670288
4.423111200332642, 0.1342301368713379, 1.1619539260864258
4.145772218704224, 0.1388700008392334, 1.0171103477478027
4.712329149246216, 0.16963434219360352, 1.088686227798462
4.825837850570679, 0.22317147254943848, 1.301445722579956
6.318634271621704, 0.14630341529846191, 1.2569499015808105
5.352856874465942, 0.12832236289978027, 0.931180477142334
4.817378044128418, 0.11592888832092285, 1.1898155212402344
4.281144142150879, 0.12789297103881836, 1.0520179271697998
4.494657516479492, 0.15761661529541016, 1.3577423095703125
4.495483160018921, 0.14350414276123047, 1.1316587924957275
4.634715557098389, 0.11519527435302734, 1.1713964939117432
3.9800753593444824, 0.11988615989685059, 1.2052748203277588
4.09314751625061, 0.12940073013305664, 1.206686019897461
5.078677654266357, 0.11374187469482422, 1.4103028774261475
4.276460409164429, 0.11294412612915039, 1.2192730903625488
3.6758904457092285, 0.07864260673522949, 0.9776370525360107
3.946467638015747, 0.12992644309997559, 1.1757633686065674
4.24186372756958, 0.10231232643127441, 1.2862181663513184
4.176955699920654, 0.1557912826538086, 0.7178692817687988
3.4268977642059326, 0.11964273452758789, 0.6719276905059814
3.7232601642608643, 0.09822535514831543, 0.8665003776550293
3.843465805053711, 0.10639429092407227, 0.8603866100311279
3.4804420471191406, 0.10682821273803711, 0.6810946464538574
3.587757110595703, 0.17484831809997559, 0.6892492771148682
3.8762519359588623, 0.10841131210327148, 1.3094804286956787
3.9980361461639404, 0.1546313762664795, 1.6307928562164307
3.688427209854126, 0.14672541618347168, 0.8553879261016846
3.6544926166534424, 0.1712512969970703, 0.9019820690155029
3.838620662689209, 0.10025525093078613, 0.7553555965423584
4.331533432006836, 0.24328064918518066, 1.1849408149719238
3.7123324871063232, 0.13374805450439453, 0.7509770393371582
3.7539124488830566, 0.09494662284851074, 1.1199874877929688
4.234870910644531, 0.08269214630126953, 0.9975345134735107
4.306531667709351, 0.11398148536682129, 1.3044629096984863
3.969578504562378, 0.10418295860290527, 1.1910157203674316
4.241794109344482, 0.10952997207641602, 1.0152757167816162
4.152195930480957, 0.10393285751342773, 1.4525010585784912
4.0369579792022705, 0.12744855880737305, 1.8289523124694824
3.794353485107422, 0.09575080871582031, 0.8303048610687256
3.7646377086639404, 0.11473250389099121, 1.7525546550750732
3.894801616668701, 0.08995223045349121, 1.2077360153198242
3.667029619216919, 0.10778164863586426, 0.9904437065124512
4.147607803344727, 0.09548187255859375, 0.7709252834320068
4.247093439102173, 0.1346142292022705, 0.8086988925933838
4.191110134124756, 0.09295916557312012, 0.9313621520996094
3.8026340007781982, 0.09465360641479492, 0.8432631492614746
3.8568015098571777, 0.16177821159362793, 0.9636697769165039
3.993121862411499, 0.13071393966674805, 1.1632835865020752
3.876255750656128, 0.10727548599243164, 0.6642205715179443
3.9903929233551025, 0.11211514472961426, 0.771021842956543
4.1807167530059814, 0.09713912010192871, 0.7074193954467773
4.009198904037476, 0.09802842140197754, 0.8063557147979736
3.9950218200683594, 0.11542153358459473, 1.044588565826416
3.8782196044921875, 0.10118651390075684, 0.6625957489013672
3.7761752605438232, 0.1200871467590332, 1.3718113899230957
4.042611837387085, 0.12553071975708008, 0.9992516040802002
3.756636381149292, 0.11395812034606934, 1.067525863647461
4.358949899673462, 0.11921119689941406, 0.7434039115905762
3.918562173843384, 0.10000157356262207, 0.7263834476470947
4.282091856002808, 0.10305666923522949, 0.9086990356445312
3.9409191608428955, 0.10383319854736328, 0.8659889698028564
3.823511838912964, 0.09844803810119629, 0.7825171947479248
4.052575349807739, 0.11690640449523926, 0.8867435455322266
4.147434949874878, 0.08959197998046875, 0.958665132522583
4.125722885131836, 0.11643838882446289, 0.7914986610412598
3.6770172119140625, 0.13271737098693848, 0.8160350322723389
3.8151462078094482, 0.1124265193939209, 0.7262969017028809
3.7920238971710205, 0.09508109092712402, 1.0569696426391602
3.81115984916687, 0.10547637939453125, 0.9976365566253662
3.8786821365356445, 0.11339402198791504, 1.5934293270111084
3.8173668384552, 0.09685087203979492, 0.6002230644226074
3.7098686695098877, 0.11867189407348633, 1.493293285369873
4.106389045715332, 0.09359550476074219, 1.2705252170562744
4.139072895050049, 0.10109066963195801, 1.1449365615844727
4.085671663284302, 0.10609054565429688, 0.7184133529663086
3.83056378364563, 0.13909697532653809, 1.354323387145996
4.175162315368652, 0.11109304428100586, 0.8017678260803223
3.9865193367004395, 0.13681554794311523, 1.191809892654419
3.7400753498077393, 0.0964353084564209, 0.7851016521453857
3.7851905822753906, 0.12364649772644043, 0.6775052547454834
4.333311080932617, 0.10413980484008789, 0.9219763278961182
4.021994352340698, 0.08981633186340332, 0.8703999519348145
3.954963207244873, 0.09550595283508301, 0.9951062202453613
3.956223487854004, 0.10015606880187988, 0.8247165679931641
3.8459181785583496, 0.08751058578491211, 0.9867050647735596
3.8524935245513916, 0.09478092193603516, 1.2044122219085693
3.860100030899048, 0.11086273193359375, 0.9256136417388916
3.8172385692596436, 0.1197667121887207, 0.8800697326660156
3.9364540576934814, 0.10782384872436523, 1.387681007385254
3.946362018585205, 0.11515307426452637, 0.6475610733032227
3.8984243869781494, 0.1268460750579834, 0.7472467422485352
3.9456822872161865, 0.12922430038452148, 1.4572598934173584
3.8350672721862793, 0.0998845100402832, 1.2903778553009033
3.7143054008483887, 0.09809446334838867, 0.778522253036499
3.822457790374756, 0.11467599868774414, 0.9316043853759766
3.9169483184814453, 0.11755824089050293, 0.7470245361328125
3.8596692085266113, 0.08757996559143066, 0.6420063972473145
3.7809712886810303, 0.10688066482543945, 0.9804542064666748
3.9030141830444336, 0.10535931587219238, 0.6837356090545654
3.8906118869781494, 0.09295988082885742, 0.8011472225189209
3.7644689083099365, 0.08682465553283691, 0.9556746482849121
3.8993587493896484, 0.09544730186462402, 0.6955187320709229
3.9981417655944824, 0.10372614860534668, 0.9870378971099854
3.997812509536743, 0.10689663887023926, 1.4568402767181396
4.146782636642456, 0.10220527648925781, 0.8001463413238525
3.7396621704101562, 0.09354376792907715, 0.7666893005371094
3.861616849899292, 0.09444904327392578, 0.6790332794189453
4.211211204528809, 0.13237595558166504, 0.6324481964111328
4.0181567668914795, 0.10347628593444824, 0.9229176044464111
4.075664281845093, 0.14335942268371582, 0.8029239177703857
3.9660041332244873, 0.10449385643005371, 0.8689210414886475
3.7162795066833496, 0.10922455787658691, 0.9730603694915771
3.672727108001709, 0.08735322952270508, 0.61869215965271
3.3711438179016113, 0.13670086860656738, 0.7590994834899902
3.8153088092803955, 0.07986855506896973, 0.7289628982543945
3.94977068901062, 0.1465470790863037, 0.8195724487304688
3.593087673187256, 0.0972139835357666, 0.7201523780822754
4.4067277908325195, 0.11167430877685547, 0.7608084678649902
4.00485634803772, 0.1321704387664795, 0.7175381183624268
4.534927845001221, 0.10145068168640137, 0.7455127239227295
5.072415351867676, 0.10996174812316895, 0.7677557468414307
4.220562934875488, 0.08551979064941406, 0.7020211219787598
3.9215946197509766, 0.11366081237792969, 0.7801029682159424
3.8134357929229736, 0.12458086013793945, 0.7556202411651611
3.665926933288574, 0.11709976196289062, 0.623213529586792
3.846611499786377, 0.10533761978149414, 0.556678056716919
3.459054470062256, 0.11339783668518066, 0.7411098480224609
3.4540839195251465, 0.08001232147216797, 0.622028112411499
3.562307596206665, 0.10001468658447266, 1.0085084438323975
3.7045717239379883, 0.08041787147521973, 1.0140035152435303
3.612642288208008, 0.10511040687561035, 0.7999343872070312
4.026796102523804, 0.1483907699584961, 1.7735247611999512
4.092012882232666, 0.12578320503234863, 0.9569745063781738
4.0031116008758545, 0.09875154495239258, 1.4955737590789795
3.9242188930511475, 0.11144566535949707, 0.9511275291442871
4.005876541137695, 0.10548901557922363, 0.8490848541259766
4.178218364715576, 0.10608720779418945, 1.1244947910308838
4.162456035614014, 0.15119028091430664, 0.8922362327575684
3.472686290740967, 0.11783123016357422, 1.2328991889953613
3.8867766857147217, 0.12883949279785156, 1.0912861824035645
3.7967653274536133, 0.11991596221923828, 0.9989125728607178
3.737222909927368, 0.13183927536010742, 0.8018076419830322
3.6438510417938232, 0.13289928436279297, 1.0778226852416992
3.3588569164276123, 0.11734890937805176, 0.9300816059112549
3.9561548233032227, 0.11072993278503418, 0.852311372756958
3.997387409210205, 0.09204387664794922, 0.9998059272766113
3.64501953125, 0.09948062896728516, 0.6739580631256104
3.8221867084503174, 0.0822153091430664, 0.8478333950042725
3.636237382888794, 0.09211874008178711, 0.769993782043457
3.67342209815979, 0.09030270576477051, 0.9523155689239502
3.836545944213867, 0.09349274635314941, 0.9230620861053467
3.8524627685546875, 0.11455535888671875, 1.5150046348571777
3.8303563594818115, 0.10533666610717773, 0.9099702835083008
4.320285320281982, 0.11877059936523438, 1.2568132877349854
3.7064733505249023, 0.12137794494628906, 1.2554807662963867
3.6415748596191406, 0.1143031120300293, 0.7818951606750488
3.547652244567871, 0.09258413314819336, 0.7826004028320312
3.876499891281128, 0.0958104133605957, 1.054673433303833
3.550416946411133, 0.11819839477539062, 0.6957294940948486
3.6460719108581543, 0.11702203750610352, 0.710381269454956
3.831761598587036, 0.14921951293945312, 0.9474916458129883
4.0824267864227295, 0.09072470664978027, 1.0601260662078857
3.803490400314331, 0.13004040718078613, 0.7120556831359863
4.15215539932251, 0.10147356986999512, 0.8603250980377197
4.064854621887207, 0.12447571754455566, 0.8440835475921631
3.7494750022888184, 0.11184859275817871, 0.7881045341491699
3.6935818195343018, 0.08490443229675293, 0.9900069236755371
3.6517152786254883, 0.09643864631652832, 0.8000667095184326
3.527052164077759, 0.09389328956604004, 1.2340259552001953
3.7251572608947754, 0.08957433700561523, 1.182647705078125
3.9454383850097656, 0.15444421768188477, 1.76792573928833
4.242679834365845, 0.09152007102966309, 0.6349587440490723
3.632507562637329, 0.10687041282653809, 0.6607720851898193
3.8536293506622314, 0.11427521705627441, 0.7278900146484375
3.7581098079681396, 0.11739587783813477, 0.8813731670379639
4.068244457244873, 0.10099291801452637, 0.8500888347625732
3.7189829349517822, 0.09977912902832031, 0.8736014366149902
3.9773976802825928, 0.12435555458068848, 1.4857397079467773
3.9984912872314453, 0.1471109390258789, 0.8673131465911865
3.7493042945861816, 0.12740516662597656, 0.6609780788421631
3.843383550643921, 0.10863471031188965, 1.0376386642456055
4.422467470169067, 0.11736559867858887, 0.8609113693237305
3.952183961868286, 0.10537528991699219, 0.9424080848693848
3.9787912368774414, 0.09150528907775879, 0.7623820304870605
3.7770586013793945, 0.11734700202941895, 0.700230598449707
4.011872291564941, 0.09520626068115234, 0.6815619468688965
4.153458595275879, 0.1170506477355957, 1.030799388885498
3.704481601715088, 0.11449050903320312, 0.9786176681518555
3.943563461303711, 0.09623265266418457, 1.3918545246124268
3.9196255207061768, 0.10690116882324219, 0.9436993598937988
4.309049129486084, 0.10597538948059082, 1.077500343322754
3.9058609008789062, 0.0856025218963623, 0.6829254627227783
4.18976354598999, 0.1141505241394043, 0.8375320434570312
4.103342056274414, 0.0991065502166748, 0.8832645416259766
3.9566586017608643, 0.1056981086730957, 1.2712957859039307
4.030929327011108, 0.13219261169433594, 1.21864914894104
4.0479371547698975, 0.09876298904418945, 1.0805609226226807
4.083284139633179, 0.09319758415222168, 1.4059643745422363
3.9997870922088623, 0.13568615913391113, 0.8794715404510498
3.9723591804504395, 0.14621710777282715, 0.711646318435669
3.9659438133239746, 0.12263655662536621, 0.7832851409912109
3.9387130737304688, 0.12596940994262695, 1.3125650882720947
4.152904272079468, 0.1265242099761963, 0.7366917133331299
4.065826654434204, 0.09025287628173828, 1.4528393745422363
4.199937343597412, 0.1026771068572998, 1.0207176208496094
4.018276691436768, 0.11872076988220215, 0.7173573970794678
3.808872699737549, 0.1248779296875, 1.0455095767974854
4.1211583614349365, 0.12585234642028809, 1.243471622467041
3.9920859336853027, 0.09773612022399902, 0.8616375923156738
4.105076789855957, 0.09829258918762207, 0.7364957332611084
3.9820799827575684, 0.10686802864074707, 0.6710193157196045
3.961963415145874, 0.12360811233520508, 0.8164684772491455
4.014039993286133, 0.1058800220489502, 0.9027841091156006
3.947436571121216, 0.09808349609375, 0.9271740913391113
4.074992895126343, 0.125563383102417, 1.0095136165618896
3.7779459953308105, 0.11707019805908203, 0.8110978603363037
3.9889659881591797, 0.09209251403808594, 0.8240602016448975
3.8012683391571045, 0.09264707565307617, 0.6804392337799072
3.6428050994873047, 0.11616849899291992, 0.766066312789917
3.712068557739258, 0.11708688735961914, 0.9075236320495605
3.458082675933838, 0.0911710262298584, 0.7757563591003418
4.223120927810669, 0.08597660064697266, 0.6624205112457275
3.783794641494751, 0.08144903182983398, 1.244649887084961
3.4689300060272217, 0.12073779106140137, 0.6108710765838623
3.5816712379455566, 0.10032820701599121, 0.7328870296478271
3.673628568649292, 0.08154082298278809, 0.75616455078125
3.70760440826416, 0.13838839530944824, 0.9586865901947021
3.844395160675049, 0.08307695388793945, 0.8389160633087158
3.5555529594421387, 0.11513209342956543, 0.6531095504760742
3.68003249168396, 0.07821059226989746, 0.6604082584381104
3.7097277641296387, 0.12989377975463867, 0.6392643451690674
3.9241087436676025, 0.14243054389953613, 0.7337450981140137
3.934000015258789, 0.08267903327941895, 0.8938586711883545
3.628486394882202, 0.10508370399475098, 0.7243478298187256
3.766134023666382, 0.08746933937072754, 0.8810667991638184
3.6664071083068848, 0.1456136703491211, 0.9362103939056396
3.5201196670532227, 0.07455134391784668, 0.7792503833770752
3.754098653793335, 0.08907294273376465, 0.7903320789337158
3.4230892658233643, 0.0938577651977539, 1.0012309551239014
3.548767566680908, 0.0837409496307373, 0.7875938415527344
3.4922404289245605, 0.08118700981140137, 0.7521095275878906
3.86067795753479, 0.08991193771362305, 1.0005054473876953
3.367678642272949, 0.10250687599182129, 0.7304728031158447
3.7463715076446533, 0.09754467010498047, 1.174616813659668
3.7081892490386963, 0.15825319290161133, 0.9043412208557129
3.954982042312622, 0.0944509506225586, 1.191004991531372
3.577848434448242, 0.0782012939453125, 0.7871675491333008
3.4732162952423096, 0.10555601119995117, 0.800276517868042
3.5652449131011963, 0.08824372291564941, 1.3630483150482178
3.945986270904541, 0.12903237342834473, 0.6649329662322998
3.423534631729126, 0.09301161766052246, 0.7863919734954834
3.6552605628967285, 0.12067365646362305, 0.7757272720336914
3.770298480987549, 0.09558773040771484, 0.9860625267028809
3.6513214111328125, 0.09049797058105469, 0.8844330310821533
3.5295920372009277, 0.07771587371826172, 1.0158312320709229
3.5974950790405273, 0.10649394989013672, 0.9676635265350342
3.6439623832702637, 0.08572149276733398, 0.872546911239624
3.541193723678589, 0.10575485229492188, 0.852996826171875
3.35492205619812, 0.0978841781616211, 0.7465307712554932
3.55326771736145, 0.1406705379486084, 0.7579066753387451
3.5188651084899902, 0.1503767967224121, 0.6355860233306885
3.5698001384735107, 0.08098554611206055, 0.664578914642334
3.4370386600494385, 0.12098288536071777, 0.6552116870880127
3.370818614959717, 0.0967714786529541, 0.7435348033905029
3.4241998195648193, 0.09362339973449707, 0.6694507598876953
3.683276891708374, 0.11000943183898926, 0.7907016277313232
3.5475552082061768, 0.14867615699768066, 1.3140358924865723
3.710562229156494, 0.0839989185333252, 1.0453991889953613
3.9217846393585205, 0.08842754364013672, 1.0831537246704102
4.279108762741089, 0.0904083251953125, 0.6629323959350586
3.4457685947418213, 0.07961654663085938, 0.669774055480957
3.6266028881073, 0.08483123779296875, 0.6733334064483643
3.5167202949523926, 0.13359904289245605, 0.6998698711395264
3.4920010566711426, 0.08612251281738281, 0.6925203800201416
3.4103171825408936, 0.08927440643310547, 0.6768012046813965
3.5763492584228516, 0.0793459415435791, 0.6488037109375
3.781909465789795, 0.09348201751708984, 1.116020679473877
3.7461040019989014, 0.16422247886657715, 0.8227455615997314
3.5287108421325684, 0.11735892295837402, 0.797358512878418
3.5645008087158203, 0.11446642875671387, 0.903606653213501
3.4845523834228516, 0.08203792572021484, 0.8557004928588867
3.641118049621582, 0.07866692543029785, 0.9723629951477051
3.87152361869812, 0.14652037620544434, 0.7217581272125244
3.359957695007324, 0.08208560943603516, 0.862464427947998
3.52571177482605, 0.10991668701171875, 1.0766594409942627
3.6111438274383545, 0.14775514602661133, 0.863673210144043
4.08038330078125, 0.07984519004821777, 0.7373557090759277
3.8571834564208984, 0.11417031288146973, 0.9824380874633789
3.5289697647094727, 0.08327889442443848, 0.6103730201721191
3.3877084255218506, 0.15027093887329102, 0.8616845607757568
3.2987475395202637, 0.11758542060852051, 1.3683419227600098
3.448286533355713, 0.08337831497192383, 0.775639533996582
3.76278018951416, 0.09955573081970215, 0.955181360244751
3.380159616470337, 0.1026144027709961, 0.8384997844696045
3.5220441818237305, 0.08629584312438965, 0.7636399269104004
3.800487995147705, 0.128462553024292, 0.640981912612915
3.669834852218628, 0.08283448219299316, 0.635228157043457
3.790343999862671, 0.0913076400756836, 0.835176944732666
3.6786203384399414, 0.08005094528198242, 0.7296092510223389
3.542224407196045, 0.08246612548828125, 0.6543021202087402
3.5744588375091553, 0.14179491996765137, 0.8606319427490234
3.454350471496582, 0.08727383613586426, 0.5948677062988281
3.6528213024139404, 0.0797569751739502, 0.7133462429046631
3.2716965675354004, 0.1215052604675293, 0.7847859859466553
3.664342164993286, 0.11049032211303711, 1.0246474742889404
3.6737966537475586, 0.08947992324829102, 0.749953031539917
3.387866258621216, 0.11110115051269531, 1.0818696022033691
3.5090444087982178, 0.08664202690124512, 1.0090324878692627
3.641879081726074, 0.12615585327148438, 0.6862421035766602
3.4934794902801514, 0.0796821117401123, 1.3027594089508057
4.232395648956299, 0.14937782287597656, 0.8120198249816895
3.512984037399292, 0.09018278121948242, 0.9049971103668213
3.6726715564727783, 0.08244657516479492, 0.8957641124725342
3.5777359008789062, 0.1007544994354248, 0.816530704498291
3.4879395961761475, 0.11140179634094238, 1.0773069858551025
3.3205127716064453, 0.09403800964355469, 0.9811630249023438
3.341885805130005, 0.08842658996582031, 0.6649067401885986
3.3502323627471924, 0.08722066879272461, 0.7919056415557861
3.3472678661346436, 0.12242317199707031, 0.7451472282409668
3.397130012512207, 0.09333992004394531, 0.648817777633667
3.372910737991333, 0.08273196220397949, 1.445371389389038
3.7006447315216064, 0.07991838455200195, 0.8138253688812256
3.6899356842041016, 0.0939643383026123, 0.8137674331665039
3.3391950130462646, 0.08741092681884766, 1.1165270805358887
3.487201690673828, 0.09939169883728027, 0.7839295864105225
3.5697076320648193, 0.08719539642333984, 0.7823615074157715
3.9246468544006348, 0.08877086639404297, 0.7394518852233887
3.521644115447998, 0.11631369590759277, 0.8170709609985352
3.6469345092773438, 0.09208393096923828, 0.8622291088104248
3.509544849395752, 0.09472346305847168, 0.9252471923828125
3.5421087741851807, 0.10771346092224121, 0.7190907001495361
3.9018962383270264, 0.0848391056060791, 1.0451209545135498
3.5873847007751465, 0.15079998970031738, 1.0926339626312256
3.553711175918579, 0.11552023887634277, 1.3965113162994385
3.7356348037719727, 0.11087751388549805, 0.70430588722229
3.819383382797241, 0.1040337085723877, 0.7446563243865967
3.6609127521514893, 0.08340001106262207, 0.7091615200042725
3.747586488723755, 0.08536314964294434, 0.7072293758392334
3.848341464996338, 0.13903260231018066, 1.4522309303283691
3.904421329498291, 0.08066296577453613, 1.2019872665405273
3.6194026470184326, 0.09015893936157227, 1.248781442642212
3.636908531188965, 0.07797861099243164, 0.6023738384246826
3.6329565048217773, 0.12946534156799316, 0.7078018188476562
3.823432207107544, 0.11403465270996094, 1.0955822467803955
3.5792593955993652, 0.13138222694396973, 1.0131826400756836
3.5735623836517334, 0.07941222190856934, 1.0077159404754639
3.504148483276367, 0.08655643463134766, 0.8479418754577637
3.7551214694976807, 0.1549990177154541, 0.8722896575927734
3.6116302013397217, 0.11840677261352539, 0.7151656150817871
3.548830270767212, 0.10584139823913574, 0.6921565532684326
3.7015390396118164, 0.10617589950561523, 0.7460806369781494
3.434861898422241, 0.11932063102722168, 1.1708168983459473
3.5438239574432373, 0.12352824211120605, 0.8017261028289795
3.621074676513672, 0.1024317741394043, 1.0194895267486572
3.851888656616211, 0.08169126510620117, 0.6236097812652588
3.769744634628296, 0.0899651050567627, 0.8850712776184082
3.812223196029663, 0.11232352256774902, 1.0088648796081543
3.6692183017730713, 0.12906956672668457, 1.0503885746002197
3.2975034713745117, 0.08784198760986328, 0.9819059371948242
3.650186538696289, 0.13129448890686035, 1.0266799926757812
3.3708155155181885, 0.07440400123596191, 0.7993731498718262
3.5208332538604736, 0.0779111385345459, 1.082411766052246
3.4877355098724365, 0.08519172668457031, 0.8423211574554443
3.584223985671997, 0.10737085342407227, 0.8493404388427734
3.5304088592529297, 0.10399031639099121, 0.8636083602905273
3.891631603240967, 0.10636734962463379, 0.8313205242156982
3.6068811416625977, 0.13001227378845215, 0.8650639057159424
3.7890846729278564, 0.16372060775756836, 0.7320806980133057
3.46897029876709, 0.15280508995056152, 0.6585216522216797
3.6630699634552, 0.13797235488891602, 0.9319596290588379
3.729003667831421, 0.19376254081726074, 1.2178537845611572
3.7831079959869385, 0.10737729072570801, 0.6592855453491211
3.582456350326538, 0.08123779296875, 1.0240771770477295
3.4571456909179688, 0.10882163047790527, 0.8841502666473389
3.9077935218811035, 0.08945703506469727, 1.103163480758667
3.583118200302124, 0.10800504684448242, 0.7716073989868164
3.50801682472229, 0.08865165710449219, 0.6876363754272461
3.702427625656128, 0.11249113082885742, 1.0212390422821045
3.6127586364746094, 0.07924246788024902, 0.5914349555969238
3.548248291015625, 0.08195233345031738, 0.7609744071960449
3.470175266265869, 0.09046387672424316, 1.0274810791015625
3.654893636703491, 0.0847008228302002, 0.6129534244537354
3.270359516143799, 0.12078428268432617, 0.6711606979370117
3.6727287769317627, 0.0954444408416748, 0.9247472286224365
3.688584804534912, 0.08235001564025879, 0.9624700546264648
3.6090362071990967, 0.08280730247497559, 1.3303422927856445
3.5016353130340576, 0.09716939926147461, 0.991441011428833
3.610097646713257, 0.08878254890441895, 1.2227954864501953
3.7128491401672363, 0.0958249568939209, 0.749272346496582
3.5239925384521484, 0.1237480640411377, 0.852362871170044
3.3965206146240234, 0.13828039169311523, 0.9103612899780273
3.515158176422119, 0.13869905471801758, 0.633305549621582
3.5466434955596924, 0.1029367446899414, 0.6923487186431885
3.472013473510742, 0.08997511863708496, 0.8690743446350098
3.6755571365356445, 0.07866334915161133, 0.6323792934417725
3.2486512660980225, 0.1331958770751953, 0.7238717079162598
3.2462053298950195, 0.13850855827331543, 0.969226598739624
3.3170597553253174, 0.08248567581176758, 0.8181521892547607
3.471630096435547, 0.09685397148132324, 0.6626555919647217
3.570432662963867, 0.15839648246765137, 0.6694321632385254
3.5406811237335205, 0.08312726020812988, 0.7581613063812256
3.6068108081817627, 0.11329245567321777, 0.949652910232544
3.5072147846221924, 0.08365464210510254, 0.6618154048919678
3.4015278816223145, 0.1006019115447998, 0.968956708908081
3.4644412994384766, 0.09393858909606934, 1.0600533485412598
3.846952199935913, 0.16083621978759766, 0.6997623443603516
3.7555394172668457, 0.07972240447998047, 0.7467496395111084
4.054267883300781, 0.09808635711669922, 0.9611859321594238
3.2002313137054443, 0.08829641342163086, 0.9297788143157959
